Y,X,Z1,Z2
1.3700784457421742,0.0,-0.08300193519447394,-0.14606862197039283
0.5724096209835028,1.0,-0.34465348950347985,-0.21039146257443386
0.9815573863891593,1.0,-0.00833910432086925,0.6314688285376466
0.3669534007424473,0.0,-0.877321500521486,-1.124909736344713
2.160619170314718,1.0,-0.014738757931179824,0.16620414123398247
1.540382951702278,1.0,-1.5856180760270835,-1.3053888774057931
-0.9870475450292686,0.0,-2.611343560689259,-0.8461756429398413
3.7014929688575604,1.0,0.022150137533378876,-0.057139406059620076
3.5690322209417094,0.0,2.5988600479741244,2.94740636741776
2.0030789256487753,0.0,-0.23001166840899312,-0.7709742936417929
0.19053581794401842,0.0,1.0062042534194162,0.6646535232653671
0.4169885021389178,0.0,-0.17579974369433865,-1.3045857298776429
3.090288551665072,0.0,1.2695094511403122,0.7674710284377447
0.45370485890279055,1.0,-2.2094196114195768,-2.0029412594560863
1.3722704056074961,0.0,1.7683080147959551,1.4297841116866756
0.8878606944365487,0.0,-1.0378170760140515,-0.7855584698233976
3.0299859240950804,1.0,0.9018213141525974,1.4225180771931973
3.212103702457854,1.0,0.9108965006931928,0.9603613841185641
2.0935326239509844,1.0,0.5892406243594939,0.6492911267786724
2.1998984259407885,1.0,-0.008043048727798987,0.5695857405137099
1.977433948716161,1.0,-0.5396640632150026,0.33743753386900094
1.8143428297999384,1.0,-1.0205856934298607,-1.2668491866181952
0.5180641240812269,1.0,-0.9760155129668575,-0.6229836395001224
1.5873678408169687,1.0,0.6641055742853171,0.5591825311271446
2.1955010364385403,0.0,-0.14558976191008732,0.6982049085327935
0.8209541675009826,0.0,0.19112441771486866,-0.4448604716407356
0.9339024680280918,1.0,-0.38873592252343614,0.43042660850994213
0.40719648001698683,0.0,-0.9022899980435037,-1.4057199062039234
2.149328821211765,0.0,0.8008085270534688,1.8507527766541514
1.968343273229549,1.0,0.1471676272625617,0.5479263104302123
2.251181165429581,1.0,1.0639545574618945,1.3024624482119775
1.0700633940467392,0.0,1.2720620725103853,-0.19516233127065272
0.33096858194199874,1.0,-0.814312819349911,-0.6088615139433601
3.5025231339822622,1.0,-0.6574400135254592,-1.0105375167438988
3.69991296555185,1.0,-0.1286018785096395,-0.10774023780096605
3.4317589396470476,1.0,2.11590071336505,1.5078456463322363
0.9962764077266018,1.0,-1.2885156845305672,-0.5507484313234913
4.727246005234788,1.0,1.2226033478831488,1.232411527107553
1.8772756578168734,0.0,0.5104493187334559,0.9501224527760174
1.8947845195928208,1.0,-0.3453223265053026,-0.397238851574861
1.8660362060957787,1.0,-1.0934385706977172,-1.6006318830618604
2.136300616492555,1.0,0.2425500350571658,-0.34577137921217577
1.9725016447914894,1.0,-1.0014912220116863,-1.1273170427409709
0.9056598151237355,0.0,-0.1204489665535013,-0.5037317054959585
0.7541595029093906,1.0,-0.5084229427909805,0.91426580061325
1.6207571047266194,0.0,0.1888731006670661,-0.4305584550982316
2.056940528348326,0.0,1.3773809127435275,1.708053303000208
2.5410289548444744,0.0,0.3745467181225094,0.12923123245818083
0.1354634565272379,0.0,-0.8357677701570118,-1.1061339467794797
0.6329311695167292,1.0,-1.710383480565652,-1.1989162629453611
1.0540827135213615,0.0,-0.6617687231357168,-0.5181719975198008
1.5815143049211207,0.0,1.4309006751909275,1.8136774462867502
2.4916963603240196,1.0,-0.16563601284819968,-0.7094678333935314
1.5753931215577621,0.0,0.9701310460679057,0.38900161981735865
0.6009613227243741,0.0,-1.2890472242509021,-0.26871800101523063
-2.4623607941140744,0.0,-2.392444313182773,-2.027289853198927
1.696727396491407,0.0,0.5316248975422736,0.7379107772957473
-0.04138399637957835,0.0,-1.4007963367557688,-0.7962762643498474
0.46073791433714983,0.0,1.06996994754568,0.5037539578376682
0.383301113984994,1.0,-1.427897397957159,-0.9424609598213051
3.2469921621617694,0.0,3.097131731835511,2.9473742494997204
0.9960070503992927,0.0,-0.5303190380868924,0.22283259104340594
1.0991421111864947,1.0,-0.2408984573691077,-0.37828986455225583
-0.06312398131705876,0.0,-0.9452167786273522,-0.4641419637984436
1.982991629407551,1.0,0.11090784448430949,0.07469022580455968
-0.383614676647289,0.0,-0.23012177213517518,-1.094797740913593
-0.31804450106349047,0.0,-3.244846411011529,-0.9549678835246177
1.5027945577533262,1.0,-1.4787443353312582,-1.113804708808955
1.527367144389817,0.0,0.5085133923454279,0.006103607120317768
2.839320834083421,0.0,1.4456820533533654,0.8096807266570685
1.1948913364776308,1.0,-0.7500301846973625,-0.07519487212995914
2.0411369661005723,0.0,0.9351340638047709,0.5748246999959
2.2358251885244154,1.0,-1.7206511795335577,-2.1188070974299062
3.978035944211098,1.0,1.351621196727507,0.21426338056430322
0.20306376741280496,0.0,-0.1783423173124011,-0.5036082605649914
2.417587735590706,1.0,1.0671233931734,-0.29849554592877564
1.706944044066253,1.0,0.32471340515231956,0.5289949358644936
4.780295993052859,1.0,1.3188171081024485,0.8685801903198548
0.5984328222050355,1.0,-0.6220723867617526,-0.8010526101551527
1.791556677668403,1.0,0.8353546947388804,1.7870705102484203
0.8644144969424025,0.0,-0.2553190871075681,-0.14740969455132086
1.5896919674276986,1.0,-1.7622525445377506,-1.1403098863738161
0.8975200235052923,0.0,0.96282779849107,-1.0077702497576866
0.8655636422030325,0.0,-1.0112374058324098,-0.5084390423895527
4.070177275905105,1.0,1.685481842665976,1.1666074629477556
-0.8273313119301537,0.0,-1.140917697082519,-0.8145581027582537
2.121821179707878,1.0,0.17981694074562984,0.5223304004049626
-0.16158818463262037,0.0,-1.6723391402890528,-1.5548939078777382
3.7089784857712793,1.0,2.3240196606215964,1.6403642278444799
2.21031990908104,0.0,1.1584680295414653,0.4136996611443693
1.4784681676832174,0.0,1.3615596722768641,1.8680526151801995
1.9843831447227436,0.0,0.34489282350661016,-0.23692864685024168
-0.2708999974812314,1.0,-2.491318699490587,-1.5938782230883175
0.20970049119202105,0.0,-0.6918059844882313,-1.4569079066214659
3.4097782743427842,1.0,-1.4281531326713577,-1.7237596206715948
0.29581542909207403,0.0,-1.18574860311714,-0.5080320501047073
2.7255103004388532,0.0,0.3382933149895023,-0.24720711873858328
-1.41278424629254,0.0,-1.320979028330202,-2.1073488902195407
-0.5353741908819349,0.0,-0.10531343246188335,-0.8040096820104704
1.7315362725858559,1.0,-0.06407602063316818,-0.6588621187092372
1.2919418289043305,1.0,-1.651917045001057,-1.2959270455544192
0.2727186157346443,0.0,0.21408291760747555,0.04336488669706054
1.895002521530574,1.0,1.3831317356198205,2.215947461243582
2.508899739236176,1.0,0.9633406265126637,-0.8115029271186947
1.282245922736084,0.0,-0.06905642044172271,-0.785797740829935
0.4566368924470072,0.0,-0.49283353071214697,-0.9533491747530688
3.1485189454804656,1.0,0.10572633236534673,0.992957295615918
0.6523787895406044,0.0,1.9723024798487891,1.5309274253865484
-0.11434220638757076,0.0,0.09238152386436167,0.6966150158616324
1.1593302869728097,0.0,0.19867245541520703,0.2662666021708629
1.4030736499257008,1.0,0.38887593421759736,0.6424208246164597
-0.24687878079704606,0.0,-0.42829943408440985,-0.2702382208990062
2.594733142347101,0.0,0.7963015498500338,0.22607799046711097
1.073738880641024,0.0,0.1675260901309169,0.1904099032892123
0.1248767562232026,0.0,-3.2098831270430646,-2.336689384795598
0.9620548918134469,0.0,-0.26348811962866797,-0.5275207772263515
0.8805619780361478,1.0,-0.8543265100649002,0.4095982191418297
1.0610203092255994,0.0,0.8133153625064395,0.4818309052245229
-0.2666881284805753,1.0,-1.9719930450403103,-1.4829480181581456
2.0981537409530047,0.0,0.5910750673261799,0.6754103529078167
1.4758249064468143,1.0,-0.9912984229840691,-0.1385860726160467
1.7213419301148691,1.0,0.6262991069246832,0.6712193596346663
0.15567075791527607,0.0,0.006092912231080455,-0.7240424304479173
2.1675206700423515,1.0,-0.5495728042186055,-0.1493526023108024
2.4180809531302434,0.0,-0.5904461106000095,-1.2218989450807447
3.1376468939487863,1.0,-0.25572211034901254,-0.18273420153255754
0.23005047574270787,0.0,-0.7053821863560664,-0.6296257225484067
1.5813255352649735,1.0,0.10126569511648309,-0.5277924522671893
2.6875819199506017,1.0,0.20253920600602437,-1.1293986168543788
2.2333073538518344,1.0,-0.8042916365371151,-0.2717143790673187
1.6162457524873441,1.0,0.0921119231987181,-0.7761820461035741
1.7127241545375278,0.0,0.4976300079268263,-0.2763097539078236
1.124266720786104,1.0,-0.6468401306096442,-0.8961081915366701
1.7564685326214786,1.0,0.4196883146796615,-0.14898285789819576
1.5002553418428288,1.0,-0.1985908528698558,-0.9443528282232859
1.6212903935361198,0.0,1.9637922668840961,3.352503451431483
2.5137127734652482,1.0,0.5425365882780696,0.5632882545219616
0.9034440311541434,0.0,-1.0002647848377457,-1.393328890139884
2.2499984548218825,1.0,0.5624026199828072,0.6454766681957702
1.3400870079807883,0.0,-0.3106664940325378,-0.1936807560168035
0.23166739243154966,0.0,-0.3384633324640187,0.3009283423256158
2.258412427871904,1.0,0.8855829583861045,1.027227295991226
1.146862266769313,0.0,-1.4381040502080658,-0.6805476088039007
2.907623944158141,1.0,0.3856199476292368,0.15312661699720848
2.027189996772501,1.0,0.6041394838158081,0.9423236430734698
0.7641792265220001,0.0,-0.06334347934762492,-0.11033182048197646
0.7679991067403942,0.0,-0.1575643052823828,0.43335257540849453
1.2353114608868117,1.0,-1.750782898509504,-1.0009519920145262
1.3434530094224908,0.0,-0.07868475091683026,-0.690799252408415
0.8139984799249476,1.0,-2.0815621959492314,-2.34046356933393
3.1174089396171825,1.0,1.4431673496413777,1.9365828347475325
2.1111167875102446,0.0,0.6788452376673537,-0.10754486934067656
0.3154706306327869,0.0,-1.212237858774354,-0.6565195588795095
0.5138292626515322,0.0,-2.2526881034859705,-1.1811437761048773
2.2716161901308505,1.0,-0.2663413232405745,-1.1132768925460672
0.7501844883610985,0.0,0.8614494281683969,0.25143280550746855
2.285732156954213,0.0,1.049370729295004,0.8263406263494998
1.3318711838238761,1.0,-1.7140202977231447,-1.4762408743854796
1.9997246585489783,1.0,-0.4756116879229305,-0.7010041614130289
0.8667166295448508,0.0,1.3248408306892134,2.6281096778741424
1.066572480213974,0.0,0.8835534292244281,-0.19764910138590633
1.6295210111278564,1.0,1.7248504680107035,1.8217004437057887
2.2675224998612205,1.0,-0.3400407075671767,-0.9245373125947188
1.8208658834468276,1.0,0.5418563067786514,1.4091902365357356
2.547813293642453,1.0,-0.26237752697651445,0.09896560160266439
0.9694438540054546,1.0,-0.265706868437463,-0.7074738351216341
2.390115876814051,1.0,2.5756236538253128,1.398384786839374
1.1347587892335111,1.0,0.5779934478760269,1.271457558838498
3.123981230239911,1.0,1.5786140933611579,0.8081544359472292
2.9602356102904457,1.0,0.8992932345525243,0.326991206997725
0.5930939731153011,0.0,0.14117722069820535,0.19108470455092869
0.8962236986474014,0.0,-0.4351212987640456,-0.6591725949742882
1.9255399410058993,1.0,0.839843695887822,1.5142572881310357
0.2813880057463741,0.0,-1.0330339230987733,-1.1311622378628918
3.212681635225648,1.0,-0.18920480458699593,0.4164242328921412
1.9832079971294223,0.0,1.0217130277056141,0.7271964979655283
1.6200096858417115,1.0,-1.2778639882288263,-0.8566702709143647
1.6315625019434603,0.0,1.843316747482356,1.1259584715684245
0.5194778848729047,1.0,-0.9142783991515709,-0.950811267786562
0.4397342683004195,1.0,-1.3654931041389815,-1.4902185626360223
2.197450305438356,0.0,-0.07228613971115491,-0.14095409762992606
1.7692266505507992,1.0,0.6038886756310169,-0.4327047189536671
0.21705448929111748,0.0,-0.0653623427022888,0.5416356671618584
2.175128886268466,0.0,-0.09469281951539886,-0.12049881910533956
0.5014093246728684,0.0,-0.2090298663091485,-0.6835742236503314
0.8717579444683627,0.0,0.44127031863443306,-0.8297963901970036
1.355737990271459,1.0,0.10847925758178643,0.6789714755781701
-0.1590145158227776,0.0,-0.49305134896039937,-0.268630917359154
3.633883015586358,1.0,2.6013268264678704,1.7573663190972821
0.49020166172260193,0.0,-0.9691875360882398,0.1503171457850519
2.2326275271816582,1.0,0.8559453619562397,0.7040105760748568
0.1381206742506631,0.0,-1.0410341777293322,-1.2170364277848789
2.8614502836439497,1.0,-0.8245113071473296,0.1080442959117249
1.62604235704621,1.0,-0.5744178926361322,-0.15024977904289263
2.8366993086354126,1.0,1.5250447861455325,1.7434225334038445
-0.41096776210364894,0.0,-0.9514252462835493,0.8361464544870413
2.5131138724404405,1.0,1.0790518339937454,0.16586042318290284
0.9590633083369323,0.0,1.8236447714181558,2.2226589991778205
1.2459232554652735,0.0,-0.066681308244379,0.10405086113467762
0.8702904127305695,0.0,-1.0151289553815352,-1.4547076023195449
1.5187502220318168,0.0,1.0587364415718235,-0.6202572184505721
0.1687646247109853,0.0,0.02642861751495045,-0.3764769433981449
2.188598738673807,1.0,0.7910321766276809,2.5976260736433803
1.8173212367397298,0.0,0.8474157820577176,0.33024872809897043
0.9450632468425602,0.0,-0.23062267129023575,-0.2590409330206
2.635012359539201,0.0,0.9622621367297497,0.03073916968382358
0.528797237261327,1.0,-0.7024549795242017,0.26944344266556036
1.5405069568581835,1.0,-0.3257301094230422,-1.0130284722315877
0.12831552763215992,0.0,-1.0429405566005259,-0.7157070001392188
0.9264327966550325,1.0,-1.0372699893212955,-0.3917009960655376
3.0312234000906777,1.0,1.6811424953940917,0.6634871255477051
0.9803764133939938,0.0,-1.5751326621915878,-1.1924019289017505
1.726526593186182,1.0,-1.1873026862905596,-1.7203266870575895
1.49154201440038,1.0,0.5444839253056765,1.4178098057413224
0.9932009594874538,1.0,-0.9802497742266673,-0.9760143548512068
3.938221393174235,0.0,1.5240981410916157,0.8198097892396623
1.6577654974724059,0.0,-0.7029979919542995,-0.4347271982875176
0.22553976463453584,0.0,-0.5034659094553369,-0.21291472520638935
2.2128215071255672,1.0,-0.9890448498693666,-1.0971809666579222
0.7021541674928629,1.0,-1.5093889888554923,-1.4343972656098107
0.09218490841995441,0.0,-2.1058772627361386,-2.8001929278892597
-0.1297457473271315,0.0,-1.3489126912546139,-1.795178591311309
3.146142523679024,1.0,0.9609303628777438,0.46548837871648446
0.5085629106679947,1.0,-0.13813118485443318,-0.5929040581696778
1.309859577992248,1.0,0.10521077149356006,0.65484936484624
1.1401983703200584,1.0,-0.6905806801053844,-0.8033379177867636
2.8402634392769506,1.0,-0.9392342706872965,-0.7859149900120657
1.9344294259170796,0.0,-0.049536249894257034,-1.016121649758268
0.24652991614728204,0.0,-1.1252185178951968,-0.3456254985947131
-1.3786714781531364,0.0,-1.0094192083045017,-0.3599782772045633
1.429966583242035,1.0,-0.2956471645644543,-0.4857965377476402
1.0193069169783109,0.0,0.3850661020196931,-0.13036899480852684
0.1553935508091453,0.0,-2.4181474018044886,-2.6168534009382296
0.913858998364472,0.0,1.1301914527553347,1.853631340531853
1.4919664564509154,0.0,1.9733072527838078,1.1068608996444391
1.3252305977470056,1.0,-0.4768210552394766,-0.5882221899273151
0.5149234346156326,0.0,-1.4772397395226446,-1.5792822248302607
2.133916579931018,0.0,0.18450747552570365,-0.02888443636615506
0.7314742530721341,1.0,-0.780252828706528,-0.8758962887303151
0.6318123651002916,0.0,-0.31863685822828836,0.2916437978472177
2.0795885466371375,1.0,0.40047136106673975,0.2844893494817517
1.8877533659986216,1.0,-0.4344793980223177,-0.24648789319146613
-1.0091062715555243,1.0,-2.7452988920808483,-2.4565377502606873
2.4823960364256235,1.0,0.12515333591148173,0.040501364549070544
2.1637206119394814,0.0,-0.9854107976943492,-0.6829195399575353
2.369332900448651,1.0,0.5538014122213253,0.7009506019416477
0.9285376763205432,0.0,-1.8065224111349094,-1.7408618321213989
-0.3205130968590071,0.0,-1.1495608969621993,-1.4800781503844238
-0.08271388090449694,0.0,-2.0523895669448824,-2.0582365827668037
2.5079284549259557,0.0,-0.07645971529752499,-0.528299992258433
0.9215992096937609,1.0,-0.5770708520874063,-0.6838418627927042
1.578715701361707,0.0,0.6617166302852304,-0.2631178298827907
2.1663301778969495,1.0,0.5554810511124433,0.519388318351453
-0.5987031890161492,0.0,-1.6569278881818938,-0.5396780797505493
1.5241161427925918,0.0,1.1727112026896844,1.297334495749062
1.6629540993351029,1.0,0.6112777901297494,0.7871438501552793
0.4920307997202704,0.0,-0.06864070285608136,0.3805964798587844
1.2641463580092256,1.0,-1.3772493988839896,-1.8621943698236865
0.8515664219772343,0.0,-1.6273385630093964,-1.7560271633335967
-0.594621605370502,0.0,-0.9895354267201857,-0.45422150258936334
0.8096980065534618,0.0,1.1718990489588517,0.7631706964914504
3.636340738796341,1.0,1.021441270672167,0.4406561756469601
0.6508425543418703,0.0,-0.42366771041160667,-0.84057011623636
2.953188671707231,0.0,0.2827075049414191,-0.18895749012589166
1.250938849351313,0.0,-0.44699748072560447,0.10716964379384197
3.6086565232961014,1.0,1.92578613802005,1.1404906674518025
0.366047780871565,1.0,-1.290106463179319,-0.38409349172965684
2.480189702307475,1.0,1.344117196788198,1.0630219292790655
2.0975475342202112,0.0,-0.8887578311279741,-1.0039743034328175
1.6266172360713238,1.0,0.32176420051410465,0.049372465993213016
1.667599523902913,1.0,-0.06988760363215202,-0.0037907649861966164
1.2737087391619117,1.0,-0.5891923155406164,-0.47768778740589507
2.0993081675141636,1.0,0.4112668050586974,0.1509219282969742
1.412919250073646,1.0,0.2036932435090663,-0.39426273256094196
1.1315069828533215,0.0,-0.060160054130792236,-0.7238045513038982
3.697015866799613,1.0,1.2605021677254966,0.6418054429853166
2.4602320870641723,1.0,-0.7567694548012807,-0.8916983490509274
1.675615001632007,0.0,0.8008202648806215,0.08918126903482484
0.5367761450579505,0.0,-0.8361762712792489,-0.49036665922923667
2.0315872491157108,1.0,1.6289939816229309,1.6409667972787099
1.0712591047081825,0.0,0.7339636201514628,0.9410291374712688
2.0094051694417483,1.0,0.0981061892345889,0.6165270097248572
1.2311577413807604,0.0,0.18709668272166377,0.4722277265900913
-0.6413807208857398,0.0,-0.633502491372324,0.4045628455847248
3.570477812114568,0.0,1.2818688163671204,0.6239056113811341
1.3503960700081845,0.0,0.6921872328264745,0.634000895901605
3.3564591527899545,0.0,1.3824711296193901,0.5422306512995004
1.3453946648796595,0.0,-0.685651665708169,0.10070521932319625
0.7895437800672713,1.0,-0.20482415268365192,0.06956541063514828
2.749483188248999,1.0,0.3889503794283144,1.087265747943421
0.3322879272825491,0.0,-1.52870260316343,-0.4564330185012203
1.959336684017262,1.0,0.23899075976555456,0.5414206948265605
2.945544098730362,1.0,0.2837086777102818,-0.4238232556030534
3.9285021043613497,1.0,0.23542594808357326,-0.2733000317531246
1.3342651686543763,1.0,-0.44358964717284277,-1.440859567803554
0.4700345688479419,0.0,-0.4028797010745889,-0.19629766872352142
1.2537799018855622,0.0,-0.05996065485356568,0.019370441106666615
1.3195676083117773,0.0,-0.9441130174929057,-0.6033656641523147
0.46078073269262565,0.0,1.4727651803186939,1.7279319025718556
2.3943034512929877,1.0,-0.22667958704235439,-0.8705940675488001
1.0489474095104605,0.0,-0.1617321739896357,0.43014221030283895
2.233700554585428,1.0,-0.4368176869686815,-0.13609484257446428
2.3891742256214874,1.0,-0.7090100368762194,-1.436515460067654
2.1411090760721208,1.0,-1.0043369802491753,-0.7747412156782423
2.000215994074724,1.0,0.19847652638781776,0.35228047408396285
-0.4204760179173257,0.0,-0.34879932782397083,0.5040263741502039
2.5808993509125844,1.0,2.234515072925112,1.4389081717025947
1.424375955531032,0.0,-0.541764983003344,-0.7792869637875339
2.5629549162956544,1.0,0.7226250925274973,1.576669244682378
2.8659236474102734,1.0,0.1993273649157918,-0.20156387505574408
2.1585261840104804,1.0,0.3744168939209109,0.38919782446962997
1.3401030661438644,0.0,0.9936005028840362,1.139467832808013
1.237985970068372,1.0,1.3530123104944567,1.7078418822618593
0.005704467823135939,0.0,0.8798371936174404,0.2954744592206087
0.985151691161785,0.0,-0.1217344023800178,0.5152156108914393
2.2212226488662408,1.0,0.1710682324720908,-0.002370519201670165
0.3610557370078691,0.0,-0.1732874996940335,-0.10627289773215357
3.5778012080782795,1.0,0.8619479714692145,0.7818718149243217
0.6488340791413284,0.0,0.04018276251295217,0.9791068832366976
1.6802135866438426,1.0,0.3625861538226882,0.7932983340799953
0.7177462438459613,0.0,-0.3735330171103208,-0.5226541382644347
1.8971648189454653,1.0,-0.17412364745583994,0.8599551786930316
2.025742934063973,1.0,0.5422438755689888,0.31416303323956274
0.9782624556837156,1.0,-1.0063294176754247,-1.8250927546480766
0.5480641490690126,0.0,1.034325389512541,0.946355572808157
2.493223830936505,1.0,0.8846017266738894,0.9388774576749933
0.7058775904135111,0.0,-0.7118744892993493,-0.5656204841861034
-0.05139306029113433,0.0,-1.0528903136562207,-1.4334265389738103
0.15569463075812584,0.0,0.20964956645215546,1.0770180427117064
1.5167755198645922,1.0,0.6306677283930162,1.2974725569550314
-0.7691898536773243,0.0,-1.4502142470783834,-0.9715024415262111
3.367050894115344,1.0,1.7411602758179363,1.544092500902444
0.15899088472569245,1.0,-1.117115534265845,-0.16612409102243522
-0.21118468007265245,0.0,-0.33549935855221613,-0.6278030859921178
2.90367002006263,1.0,-0.7559482448509119,-1.2312979375515014
1.900884554928243,0.0,1.3657443085494854,0.680515207465362
0.9886243139159452,1.0,-0.0435041485631553,0.14545500605166445
3.601126004542543,0.0,0.9632987314985336,0.00916401714508614
2.9712013524336123,1.0,-0.43638014784843077,0.17810028483715706
1.6110424877228677,0.0,0.8733139771268073,0.39401402971798655
-0.08107716367657147,0.0,-0.2975101088335913,0.7783594353189403
0.23457860869470626,0.0,-0.6143273707513202,-0.9142650823422451
0.6013782322895949,0.0,0.6333970511437136,0.7689043672558639
1.5439070753891913,0.0,0.5671105506623217,0.6437983779179224
1.401918617472638,0.0,-0.6152215852901785,-0.925616552043287
0.542412338934487,0.0,0.04172091063196846,-0.6560120866034835
1.399934920060924,1.0,-0.6657947237794164,-0.7288984197245776
1.7029953313656574,1.0,-0.7870115062104618,0.35869409168614125
3.0607091619323072,1.0,0.4933018514089728,-0.6858246969548887
2.079272726175282,1.0,0.30748107575038014,-0.24753894430053805
2.423262319074659,1.0,-0.5585096466291123,-0.8354133305454142
3.457643941862125,1.0,-0.10743847625883889,-0.29135323720991124
1.3653696816525418,0.0,-0.2930204884766814,0.469395385452335
1.1956196038900049,1.0,-1.0886827426792582,-1.0546110901503878
1.163907724709076,0.0,-0.3354911360280339,-0.7978936854728829
2.8003120969526814,1.0,0.4120161600792551,-0.20524121217930757
0.3109081810419898,1.0,-1.038480668381532,-1.2093165128862977
2.2774394958032205,0.0,0.7510353579698813,-0.5952755461034352
-0.5151587729886455,1.0,-1.8541193612484772,-1.0420581838090333
2.7352738894252804,0.0,0.4463467819778567,0.9539872499551831
0.051342174230100124,0.0,0.25454095460731885,0.8181390600528167
-0.08045779257944763,0.0,-0.24060716410893307,0.4264849736112653
-0.8140623355932997,1.0,-1.7187911782413867,-0.8819600198733225
2.0171178669636958,1.0,0.5246531559498752,0.8863049039553227
1.9123629281902046,1.0,1.6201550478308875,1.2619885648571616
1.8305634967222546,0.0,-0.6764936476996619,-0.38030740014375863
2.2794003049493017,1.0,-0.26648316823575485,-0.22553713378131449
0.6122305361731817,1.0,-0.4549620135779305,-0.907519730128665
1.8907664636470827,0.0,1.1251981727451992,0.5300522116099979
0.6230567129517013,1.0,-0.10745233412996681,0.16729832215024745
-0.8515435290799125,0.0,-1.3552321128928688,-1.6325068229713326
1.140531195541359,0.0,0.5852553892554518,0.06675129864907416
-0.6797732574459232,0.0,-1.459529871113756,-1.0690944565926959
2.534803949818974,1.0,-2.0028343418666195,-1.7957389468440943
0.4154462219502413,0.0,-0.45725136683409645,-0.733490672987217
0.6640441758733018,0.0,-0.23952130204189892,0.3868427880116487
-0.20157566070977317,0.0,-0.04472073995065101,-0.364350491055465
-0.7025835606804969,0.0,-1.7882059493492988,-1.7126142931264117
2.5119570545157233,0.0,1.3146089792396412,1.1429987490580715
0.5247562745039216,0.0,-0.8236593200798433,-1.3691709180811567
2.090818600392161,1.0,0.05581553028488692,-0.13508550964214455
1.7487717444798818,0.0,-0.203265857626289,0.5688394067877037
2.5518101709895804,1.0,0.018026095148795773,0.13430676791288174
1.2340561220969417,1.0,-0.24230489053133714,-0.13562134470129994
-0.09318821457753823,0.0,-0.959740520836656,-0.5467290183393235
1.0859863277332273,0.0,0.6504705399686871,0.3980133178480638
0.2289452183704106,1.0,-1.3397133140183284,-0.5723023542926707
0.5306120061612488,0.0,0.5042947135303114,0.11843085217397196
0.4637251430104965,0.0,-1.2772574757990924,-0.54019759134157
1.5394656357245915,0.0,1.0811857398429308,0.9030741190631871
2.733112932725173,1.0,1.2356828606774806,0.8217216566638407
2.186910422550872,1.0,1.1071682260828246,1.5678501423207274
1.5058086749809374,1.0,-1.5662251093086081,-1.0743407431648626
2.44668752723324,1.0,0.30249351686674697,0.45167328181265953
0.963047737623486,0.0,0.19260140302949233,0.37294089723426355
2.120862749124935,0.0,-0.02705738000336024,-0.7723702982146604
0.11673457997687131,0.0,-0.005539397503669088,0.9976763816115722
1.9236504811448225,0.0,1.8891163100770052,1.7544668092399283
2.5956364777857406,0.0,1.2344467003734811,-0.15330106407291083
1.600088935435945,0.0,-1.7795321548464702,-2.188388670732391
0.10730688152717782,0.0,-1.779623914813813,-1.5331619400542962
2.1170427623823134,0.0,-0.3902427693842436,0.17707254625939303
1.3805983170536322,0.0,-1.1439650017223004,-1.7677667554721073
2.37133583825619,1.0,-1.2968141618321907,-1.1710876327595745
0.8037823729195739,1.0,-1.2689475016471634,-0.6763791603937814
0.28281588795265344,1.0,-0.9057789773700394,-0.5920057702662773
1.9169668010575616,0.0,0.886959230638949,0.5356930336393692
0.6887833423044043,0.0,-0.1738718558374764,0.9384800047122107
2.0577501250015153,0.0,1.2833363609782154,1.496457201414331
2.6196372518410698,0.0,0.3819454850923868,-0.21963274821883946
0.6077122540490194,0.0,0.15076374740409307,0.310170768471568
1.4695011804994174,1.0,-0.1313291782236302,0.9394792566994671
2.7691013302712304,1.0,-0.9667673549610893,-0.9819073642247758
1.4111055703336755,0.0,1.220921506895718,1.4067289809118777
1.7606215294612468,0.0,-0.2140412422240396,-0.39151129574479815
1.4273059749518033,0.0,0.4654935914686547,1.0690458607477653
1.171478633062101,0.0,-1.7069004869640652,-1.681557318220845
0.15569145347312696,0.0,-2.0384292966189865,-1.3271297427818276
1.2301892552553255,0.0,-0.5200967868179279,-0.19237909599333583
0.05070779234393841,0.0,1.2967462743392768,2.2044089717004134
1.4153471903222148,0.0,2.1876781702812744,2.168865240823542
2.114417646846583,0.0,0.8152646690994401,0.1021625764276812
2.2543516431879014,0.0,0.5430417317702207,-1.046512434947988
0.22271576328504783,0.0,0.9828768719224044,0.7107102464403854
2.1487021010869225,1.0,0.8729349282084897,1.4727079658291662
2.6403291876381543,0.0,1.832363780060214,1.3445424438370404
2.4303428342724396,1.0,0.748427312337311,-0.006709871675110098
2.395961444467209,1.0,0.010522047665101666,-0.6253528363888334
3.4467597161727332,1.0,-0.3643446913820073,-1.3599830394344077
1.6002475307563657,1.0,-0.09548817128718555,-0.5482136154133176
2.4485195162060616,1.0,0.19801555975822174,1.109203582271964
0.5259637080364437,1.0,-0.44920405808720365,0.7268324787310181
2.0202360865089934,0.0,0.6704131566892756,0.32400156230080557
1.4391772504461477,0.0,1.3138798208262648,0.9004382012675073
2.645282900800093,1.0,-0.4172331085495062,-1.4662847546661002
0.716256954103148,1.0,-0.6699751208849347,-0.548625516625719
0.9651065432014367,1.0,0.5052592410256003,-0.2137202532383924
2.025234615181801,1.0,1.0056054385491093,1.313336652596529
3.126001299727619,1.0,-0.15234025893272266,-0.4788974805758316
3.1652581463483087,1.0,0.5500008858690091,0.9340026541385437
2.5920247187040846,1.0,0.40381937836404924,0.1923476336655317
4.118181324275946,1.0,1.4586670373461545,0.6950940793506543
1.8784036044828876,1.0,0.9532618457161393,1.100978385613102
0.6578490891774507,1.0,-0.49503242915133094,0.15393094885734443
1.813224497566808,1.0,0.8046351963407153,0.7509812205922806
1.2580774857980082,1.0,0.2823139385990665,0.8126658269969755
1.0576653387139034,0.0,-0.31354764677281877,0.20710734888533933
-0.012386335330641485,0.0,0.233318831154194,0.4252816899469347
2.0477690422523285,1.0,0.05184444493847595,-0.1767547028972122
1.0736105139805883,1.0,-0.7348589348723906,-0.30968690455572756
0.5470553354484146,0.0,-0.5553833247564082,0.16798348588083176
2.2290730026735766,0.0,-0.2759416942814358,-1.1925795956985292
1.0574911513688425,1.0,-0.6527718593999846,-0.1571332505058831
0.6960469159262592,1.0,0.3136768471271756,0.0008969047699615147
1.8170983544736083,1.0,0.383582730691641,-0.18393582382013324
3.202410375211866,1.0,1.7854269150662438,0.8426781641482722
0.18071317474802284,0.0,-1.335345458907082,-0.3244399315754882
1.3870979554512093,0.0,0.0760116881207952,-0.2904716619075391
2.4885828307281996,0.0,0.008834429117168243,0.76323333239897
1.3240732154818327,1.0,-1.1548316676810453,-1.2725861797609936
1.8252721312280176,0.0,-0.5126261069193292,-0.15192081977347563
3.1892584863676237,1.0,0.972872847582826,0.4745309413433845
1.3576963839615837,1.0,1.2785049806750406,1.1940926770522617
1.3135555643663706,1.0,-0.31598185390089384,-1.1214488654740717
2.1669451605338947,1.0,0.2539335323770408,0.1349673874197571
0.10644454113104951,0.0,-0.7299122297167198,-0.22137568847078343
1.911552492423976,1.0,0.799877849165735,0.565369679621195
2.3494528205419467,0.0,0.11412859028974548,-0.2901323099479538
-0.5200632241299428,0.0,-0.7336416030118077,0.5243319603390109
1.4348377861864927,0.0,0.7689654783383535,-0.1250078691143457
1.5588028508501226,0.0,0.09252787204230542,-0.4951420959602682
3.192553896548594,1.0,-0.04001132504409848,0.041794796175090174
0.43380403694663383,1.0,-1.557795676377192,-1.3690112490032667
0.9693162136026656,0.0,0.3572454265227476,0.2750427401625674
0.6160293227815927,0.0,0.0032278043900774204,-0.4152589142817763
2.681488009143653,1.0,-0.32829314036809476,-0.2921837419475872
2.083051597116566,1.0,2.3801536578756464,2.3835897334960743
1.873604170071626,0.0,0.5551256173730473,0.7550631685530949
1.7503285077147686,1.0,-1.5955170109337873,-1.9798299127842889
1.5547579064695145,1.0,0.17187177552593053,0.47512253146029604
3.5867624912841243,1.0,1.3331232539714322,1.656732228608918
0.1864761092837618,0.0,-0.4305554607783089,0.9689921173841337
3.000994456953454,1.0,0.5717027305242303,0.5507881385414293
1.5129486765417741,1.0,-0.5933301484176844,-0.819075571231186
2.2415361680015464,1.0,0.8564545767632001,0.45461370266184586
2.0377843793252457,1.0,0.8031322302027575,0.9601660186442392
1.3047904703066138,1.0,-0.8956484624878945,-1.0882375906772073
1.0664917011517996,0.0,0.10559601143694666,-0.06880271653992767
2.260957510193277,1.0,-0.22230858875951748,-1.3515809927995552
3.8548292749589272,1.0,1.6437906923988452,1.3457394882120384
0.8558784271203743,1.0,-0.763743437245526,0.7694370995879563
2.761838846223517,0.0,0.22903486699976702,-0.48063180205970407
-0.2512979794942507,0.0,-0.025232936192892148,0.41850421037477764
0.87926081690079,1.0,-1.0474162677636412,-0.5514735471772281
3.0352525149431973,1.0,0.9089663542847772,1.7052148798195523
0.007480291593164656,0.0,-0.8783300490011701,-1.485764671553988
2.165129171697534,1.0,0.5502845790452592,0.4825140380784284
1.2748651681392227,0.0,0.10938829661707851,-0.24196920198646316
3.355731660126049,1.0,1.1060328887683661,-0.015735760707053105
1.2385035623514125,1.0,-0.17057655368796917,-1.007610982950972
0.3234387030023832,0.0,0.4682131164375029,0.7590747812680045
1.4678172719611078,1.0,1.496107187430945,1.4457793577079507
1.6597960785655166,1.0,0.08003069518576564,0.5157586931913889
2.0355120524096812,0.0,-1.3866622863598148,-1.502113974696097
1.4038541464869105,1.0,-0.892031342553935,-1.0093092761262874
0.6897853976684699,0.0,1.8611967848703908,1.6773566031662093
2.308301178351816,1.0,0.45422404674622785,-0.24898718698101083
-1.335850635188231,0.0,-1.092924296034633,-1.840361164856256
2.3493801737335134,0.0,0.4080790597003874,0.7379685699859343
0.5689155069634606,0.0,-0.4421007422499872,-0.27187029515747824
-0.25352512966610874,0.0,-1.0791333333633268,0.19579302565736756
1.9641983039367485,1.0,0.5213575472181793,0.9851899072901121
1.0712031412966372,0.0,0.48490849906211636,1.4446526594255218
1.0723429701842362,0.0,0.1499070320323857,0.5426547747917789
1.6354907854861265,1.0,-0.37935626156182617,-1.2670816916171328
0.5814372199248108,0.0,0.4284959507279585,0.21721179562300671
3.7705040101306384,1.0,0.45162432603060365,-0.4246239282024588
1.6074726234642167,1.0,-0.06942320558686271,0.23102450836393473
1.169484844854074,1.0,0.20283294687803877,1.5947665485358713
0.8556859569291815,0.0,-0.8658882912570576,-0.8040199266904732
1.7023552285029453,0.0,0.3755348443320934,-0.20810920322922477
0.6369524836768399,1.0,-1.2243263668609088,-1.0324006870396683
1.1846728743988435,0.0,1.6528257709739038,0.5575792933947673
1.5887557476540595,0.0,0.14234034857859498,0.30539495017818474
3.1118128814015034,0.0,0.2500855392316816,-0.8529539359403437
2.6060475159238385,0.0,0.8314723638139935,-0.13953810575756637
2.8838509310642664,1.0,1.427947375497072,0.4400402113021505
4.029614965380894,1.0,1.225648228902024,0.5013392440199659
2.116477963195346,1.0,-1.1537189768672325,-1.7754582926583056
2.8194461929609593,1.0,-0.5568604137365248,-1.5842159982534465
0.41405326639931483,0.0,-0.4838594127858663,-1.1999390449949079
0.12392802272366821,0.0,-1.1984392417135625,-0.8346387550540607
2.698106978764174,1.0,1.0880259949971776,0.6918472118687897
2.5423967492924486,0.0,0.4245735978678434,-0.9704147809907894
1.0154838501259262,0.0,0.0354865291426514,-0.5363914848547671
2.629553451714579,1.0,-1.6500300423995937,-2.636008260006901
2.7362048541420747,1.0,1.447429106442305,1.4243718630440552
1.0387735683538961,0.0,-1.2330642183260767,-0.31361141756253696
1.9700211282418174,1.0,0.7849366559579473,0.32056069409982957
2.280905231351714,1.0,1.0346022785447726,1.6177714637242406
1.03997763480099,0.0,-0.34907063416729656,-0.5786184132243494
2.19642260962309,1.0,-1.199831759856435,-1.138504663179014
-0.6120180358054146,0.0,-0.14439404003955672,1.080970056343332
-0.8290201702162996,1.0,-1.7113159883769702,-0.8888524795133401
2.6814484245849326,1.0,0.1761363748191069,-0.021747270502313305
2.9544972364007167,1.0,1.775982795241538,0.827899859456654
1.7914999855129505,0.0,0.028580400214252632,0.8402009754299518
0.5399012391678536,0.0,-0.3014893874306314,-0.2270366030090276
1.3019477248379718,0.0,0.32212895932428437,-0.05893524280882765
1.794773934631067,1.0,0.131334863872314,0.10839794595160246
-0.3056911812580698,0.0,-0.9193455589010221,-0.732686840848545
-0.5504841610594708,0.0,-0.9844244072892063,-1.4561054122772223
1.606578183333669,0.0,-0.4002876478934326,-1.6360701958380832
0.9030892470877037,0.0,-0.04816336873876771,-0.20808383371351774
1.1729449512509207,0.0,0.17296165180718487,0.5410852079751575
1.154012731404903,1.0,-1.3340840183911709,-1.0643669136236085
1.5022190625526806,0.0,0.963482602706563,0.8746388052599756
1.5402671363094935,0.0,-0.9810584998940074,-0.3914968856157767
0.6693074124939484,1.0,-0.7224549702894277,0.3430205038445675
0.6196789270240584,1.0,-1.4685355919182397,-1.2585528330516
2.0979048457920104,0.0,0.507544741467874,-0.48893771500777733
1.988852457828939,0.0,0.9398211553855302,0.09886147226935771
4.409954754789702,1.0,1.586472149817552,0.9869037041825912
0.49508768372798073,0.0,-0.30979899166037983,0.0264958639837651
0.2672041946731867,1.0,-2.488024670706277,-2.2427346933505246
1.4561014650128326,0.0,0.9554977621531305,0.5973935994588075
1.0876947189294188,0.0,-1.3938733015897373,-1.6275164470680101
0.2813517303369444,0.0,-0.34808603129469334,-0.13765920515575886
1.957455276256633,1.0,-0.1358102292703431,-1.1971281715693314
2.237905444157382,1.0,-1.4299964265727274,-1.181058858774433
1.4793779575012942,0.0,0.6796087089836822,1.5133652696547226
1.9603202746947606,1.0,0.3480413578817118,0.49944463109433096
1.4369515227688847,0.0,-0.19331624067992176,-0.8275916327741139
1.6482141169327467,0.0,0.611975393839413,0.3361192756171082
1.9840277652525937,1.0,-0.3234700248876561,0.10256709869061445
1.3655090704042594,0.0,-0.13643918224426999,0.5946899715150861
2.2274885326079668,1.0,0.09442559041647486,0.8785322446341789
0.43193215802103935,1.0,-1.3169944854456106,-0.15822104367035325
1.0283729177710466,1.0,-1.1720120347453236,-1.343885771160982
1.7318881003298432,1.0,0.7058458887698572,0.7304260280313533
2.5207068694654953,0.0,0.18079905140190214,0.5609325527303065
0.4193305435471739,0.0,0.09115359818445293,-0.07505006198423142
1.9112820809588633,0.0,-0.238200496099225,-0.2295946714484993
0.43294502337747287,0.0,-1.103802450233866,-1.2453411060782436
1.6379108704119392,0.0,0.9173642586372689,1.1911367266200408
-0.2399052070379053,0.0,-1.0452021494723696,-0.4575823761321537
2.599704121913666,1.0,-0.3809115003771496,0.21716595924988158
1.4830898231604763,0.0,0.9332784825331928,0.7521297817817303
1.988399241811498,1.0,0.10753424772549287,-0.48504921023883324
1.6773490146996268,1.0,-0.5152758201904764,0.6769763846013029
4.914586762673801,1.0,3.304330587890788,3.8786218049938332
1.1930690660450973,0.0,0.6480946475650513,-0.3298114105748463
0.5049638292143936,0.0,-0.10207428031012554,-0.47939369662807074
0.9099957735133263,0.0,-0.07702547966779213,-0.7769356668881103
1.7843592445774814,0.0,0.6153598184649871,1.4791768670246008
0.5485502876935924,0.0,0.3425615801987598,-0.5006519795255294
3.4841134501552737,1.0,1.6555509385138747,0.9033241428567386
0.7287037057540864,0.0,-0.5863950943012103,0.017607906103863792
1.6404710371225733,1.0,0.6945189334008487,1.0616714975036832
1.9140450853787325,1.0,-0.7296015561476767,-0.08927765384216182
-0.2672997427040573,0.0,-0.11680467777525501,-1.1544920253456752
1.3645201023715057,0.0,0.6595108194866708,1.5547844315242634
1.4597515776348566,1.0,-0.6614950720119204,0.785192637735832
1.5926820169779488,0.0,-0.0895347022618029,0.10616641452156533
0.9950412206045551,1.0,-0.26742349063539617,0.17915832549363367
0.7708092159091345,0.0,-0.17953627748866066,-0.1299979734270484
2.068887476186378,1.0,1.254427498904863,1.3524862582008153
1.2744083864064317,0.0,-0.6116930667574423,-0.5789335874144559
2.3037519817136065,0.0,-0.5363667393976405,-0.09739954088177265
2.17963418474611,1.0,0.43195288812508875,0.9054283720345865
2.343468195931883,0.0,0.7236042193579262,0.6460993258097988
-0.25020108563215926,0.0,0.9208305651249089,0.9833278186680366
-0.42849435304343375,0.0,-1.1297007697293378,-0.14672487541232523
2.5025739449652544,0.0,1.4262899060466105,0.26375616046999756
3.269896068810435,1.0,0.23223184884677564,0.04227262084907364
1.979264983334327,1.0,0.3347457126856332,0.2621161243337915
2.2433226573158542,1.0,0.6709496379856412,1.1699945382744903
1.7370951771369403,1.0,0.0357247351408557,0.5867544878487417
1.132084448463643,0.0,0.3483251315084381,0.9574360038419529
0.7169999108484417,0.0,1.0581724310519975,0.07583783380658492
1.1823623415508742,1.0,-0.3519829442533943,-0.45192521507448025
2.7357337443055476,1.0,1.0185953221822377,0.9902759873507927
0.6431156583046438,0.0,-0.1735978448399636,-0.3216008716807481
1.3226434730154042,0.0,-0.07334821997717722,0.5936315922338993
0.3036542393388856,0.0,0.5694963699227018,0.7990071134187753
0.9228135319938431,1.0,-0.16362255276646895,1.1632831487543829
1.716752592737766,1.0,1.2712646987295946,1.6902041077949361
1.9163085387279961,0.0,0.21906355987075551,-0.41316035052872135
2.3162627369584103,1.0,-0.6908497172804158,-0.9101439251031964
1.2012427128015186,0.0,0.006632623826078897,0.6731002933568073
-0.5005321392035862,0.0,-1.1811905736951072,-0.6070199104233079
2.3316723105243895,1.0,-0.04979346584499186,0.31817202205017964
1.3436215600011474,0.0,0.8778981566650421,-0.12141594848227157
-0.3583511569314042,0.0,-0.6668233439293162,-0.5110334084165655
2.768211276466166,1.0,1.3462959567208415,0.7187188151204088
2.294334015952957,1.0,1.9749174726615653,0.8051766330430562
0.25882370891855677,1.0,-0.7632527883113474,-0.36836187507059276
0.6563002426350371,0.0,-0.759063114000111,-1.343347802879273
0.1835371211356578,0.0,-0.18098478046404468,-0.763380677239317
2.5173770787866507,1.0,0.5150939859991011,0.3650168147659187
2.8042886744594986,1.0,0.47560577984968466,1.4095919503391918
1.2351681443211406,1.0,-1.1420115807425062,-0.7642557335352098
1.7098023617103277,0.0,0.9693344106606666,0.4580018653705649
1.1334806693669544,0.0,-0.8617445856486035,-0.574717692111832
1.9690528825331246,1.0,-0.6904427761912975,-0.8964258033505454
1.6156486031805257,1.0,0.1831866376361778,-0.18143633704712028
3.2517464128010958,0.0,0.785894861281481,0.41414105763742504
-1.8593235984152647,0.0,-0.8953241779575432,-1.1410448863342897
2.545059762143224,0.0,-0.7506571470242557,-0.03064942321428958
1.4572198720289573,0.0,0.952572598911947,0.13367431307915723
0.2904323905091629,0.0,-1.0632990031442153,-0.44131116652183194
1.4862780208341526,0.0,1.1511614083492434,0.7759449560657058
2.3108100995399985,1.0,-0.29807074934645833,-0.9433646339131067
1.4562543168006599,0.0,-0.7725060062120391,-0.6407207839102858
1.4707589054034012,1.0,-0.19397968285081735,-1.084729404277819
0.9402499800282698,0.0,-0.5359009155208004,-0.6426060914812249
2.5197804731289453,1.0,-0.4274114280426626,-0.14717110736419806
-0.13969396236492537,0.0,-0.37479422840133886,-0.3928618556148194
1.039411516036983,1.0,-0.9864471169047774,-1.9565683786786536
3.517673693066195,1.0,0.18995558776850138,0.7745924202986113
2.6090045588081505,1.0,0.5199071372799089,0.04366214604380198
2.6325155215245477,1.0,-0.4960646770032626,-0.6299050885041622
2.535313266101149,0.0,-0.16570462920782073,-0.20287038003108132
1.628346857723168,1.0,0.9617111397978231,1.2404250184267744
2.353172935948872,1.0,-0.44421981207287525,-1.5096856685905737
2.3925373119042197,1.0,-1.68839177554572,-1.8199133643923102
0.2776080244464879,0.0,-0.5964507844767032,0.01033330743699355
2.6070389898597224,1.0,0.2491599004869595,-0.017930703560751226
0.4972390830631558,0.0,-0.9195301881854473,-1.6152632144082468
2.055346647664912,0.0,0.8843638577617848,0.11697926317373719
-0.11224550487541807,0.0,-1.1680908642317727,-0.11685124226395742
0.8113371863131574,0.0,0.5533732993454167,0.7490470360408247
2.583730119039546,1.0,0.8519415438940692,1.3040885992882338
-0.41745529186704466,1.0,-1.3215258073342269,-1.0428360876465852
0.854647728902266,1.0,-1.0438655022121428,-1.34130545895067
0.754275709353279,1.0,-1.4434365371488065,-1.1177762409810368
3.2524979630210384,1.0,1.850979603080439,1.247224696009511
1.0159081586065963,1.0,-0.9965732257330528,-0.47437403003891965
2.8413470680585795,0.0,1.7135188628866724,1.5800658476820288
1.6290993950972243,1.0,0.9771079748509035,0.056927228567869644
2.074603856503887,1.0,-0.2222690296091192,-0.13780713249017795
2.432586794254149,1.0,-0.18208515092144079,-0.49346229051970025
1.4772462590205735,1.0,-0.2604948507251711,-0.4127892865153667
2.760127658279223,1.0,-0.43198488797583945,-1.293461640397851
2.331254923942825,0.0,0.16268634122306047,0.380034522415456
0.9913915139852325,0.0,-0.949916043248331,-0.06515648063548944
2.5618528039209383,1.0,-0.5848520029783327,-1.068648490756165
0.06137463070374305,0.0,0.42673460437146765,-0.2584015430049562
3.0897948919140372,1.0,1.1980867850675883,1.2312665160734557
0.5695279346408477,0.0,-0.4908469517242877,-0.1990642775423016
1.9562201815722438,0.0,0.5813112429819766,-0.3359997190396598
1.0895062620827751,1.0,-0.4161646899783793,0.07047744641308509
2.158660408132111,0.0,0.5979845829922468,0.020611547414060787
1.7151506685705333,1.0,0.8090482824564355,2.0161021615183543
-0.2864339180368871,0.0,0.11597295232914351,0.2905442619101283
1.639631676539655,0.0,-0.7059920694065237,-0.2343683704639321
0.4861513471922019,1.0,-0.676978374604348,0.08425827021271397
3.5566773030238257,0.0,0.4758622313873192,0.1713374755398365
0.9765178165744091,1.0,0.5083033785723248,0.6233267833943948
2.090504633047939,1.0,-0.5150121916024865,-0.2960586240632852
0.027662555633259256,0.0,-1.944580762530546,-0.6266469065654408
3.121229218150961,1.0,0.3644605596552244,0.3491366646018211
1.6540434350932547,1.0,-0.5682189061525171,-0.51713813224105
0.2723947110330647,0.0,-0.7567808964994535,-1.8935634611920706
1.47624810686115,0.0,0.559095137315367,0.6903382831424918
0.5733850484187464,0.0,0.07019440531435837,-0.02130265772754486
3.039571633451688,1.0,1.3377791698520454,-0.4344578389531224
2.075034253781772,1.0,0.05202027068871989,1.1111640209106177
2.2445500318022678,1.0,0.3927958607827837,0.07390615852049591
4.059543969597586,1.0,2.2406140367515217,2.7177894222289853
2.5176996853078175,1.0,-0.694101624474911,-0.5203795421016845
2.93914103599985,1.0,-0.0153793930000423,-0.09927488981641709
3.9855752747012754,1.0,1.2134980372299085,0.0029554507929962855
2.0143301824313777,0.0,1.4319075518973339,0.8678953398753705
2.9761698911552097,1.0,0.5488921307585143,0.12518242714280958
1.9342505676760793,1.0,-1.2446122808898537,-1.4386759010330266
3.5562750108623193,1.0,1.5985551871307073,1.329396062957975
3.0853160756208493,1.0,0.3215190877347121,0.888032473646128
0.36839217409299463,0.0,-0.27848641366268395,0.6527767439334324
2.017262432871792,1.0,1.0193890022812793,0.4638959446718428
2.204612872766466,0.0,1.475954614817391,1.1574444426786539
3.6357602965459668,1.0,-0.05359602924465598,-1.0976629594145242
-0.11346372092214008,0.0,-1.7352663543770799,-1.0213355132166573
1.1418028973243786,1.0,0.9787253009339123,0.9867930819508297
1.3544813305654406,1.0,-0.7626137485265677,-0.2431634512249785
2.1451153082789864,1.0,0.3475965636946065,0.007750317129351128
-0.7170015085860064,0.0,-1.7214156008702655,-0.48747339027643444
1.2886668581226273,1.0,0.06739861510204177,-0.02798189099653516
0.7101778962253649,1.0,0.5609262071466388,2.109760505846571
2.445731504489738,1.0,1.697492546426369,0.529519390511059
1.691475344571486,0.0,1.0859464696952348,0.351872260464011
2.172832047607431,1.0,0.14855320716009088,-0.2654136282393036
-0.008001204983504318,0.0,0.2627323420162026,-0.10690262182390427
1.5571885576750464,1.0,-0.18892785198471415,-0.19344686047901505
0.5959995634215361,0.0,-0.4553834553367641,-0.4015284141574232
0.26849638033120704,1.0,-1.4047412823990635,-0.023466136430570127
2.472253066609761,1.0,-0.1885775815922372,-0.2294860962121421
0.2732543447169298,0.0,-0.33249385267590403,-0.03504734590385782
2.9755370126704705,0.0,1.9625474005349655,1.0318275242688135
3.237121535907701,1.0,2.8923769573907503,2.7676249380493108
0.3504155317040596,0.0,-1.896342807441986,-0.7305136627118906
0.7521118357692373,1.0,0.031613046496656166,-0.050295715298878094
1.4972307466586132,0.0,0.47387428365034334,0.7427764057720326
1.1186573339361343,0.0,0.5251397776849502,1.4135286800326488
2.5439743472268472,0.0,0.25437807707144094,0.6637777301352844
1.1535618687524194,1.0,-0.052651134372248345,0.41689708257068175
1.4138884179979456,0.0,2.0391662463182314,1.2622146181809004
2.744581675810615,1.0,0.7091551673085548,0.23130396906833547
1.2542170803670962,1.0,-2.0018968427090322,-1.3111717307719744
0.004496400827577407,0.0,-0.4967350309578024,-0.20704347661062167
1.7192417187279792,1.0,0.8098448869682507,0.7850191499066174
1.6855520178464736,0.0,0.31925663350345684,1.0169878266622656
1.6990312345763912,1.0,-0.8127941287413633,-0.6036903470455774
0.9064817016075022,0.0,0.3090640500752781,-0.1709504009713261
0.5782095866782446,0.0,-0.34433197652407016,-0.7663914153740162
1.9885641949278992,1.0,-0.46869087796667575,-0.5017315232668055
1.820791214554584,1.0,0.08977638792758108,0.4351086681082123
-0.08292902782679956,0.0,0.8962298381458236,0.9583502756712091
2.189120508395893,1.0,0.8242613456867054,0.8783142038851456
0.4935893043356555,0.0,0.01002570514491695,-0.5697709335920191
1.6730059062351805,1.0,-0.015979582613909974,-0.5798443059158288
1.7131062216553508,1.0,-0.1096395270189713,-0.226753339716252
1.1248129637780404,0.0,-0.08949499197504775,0.22755647810630641
2.357918397914095,0.0,0.162538764295042,0.5612467534418424
1.7649073568018103,0.0,0.8409776652594224,0.6651715667296818
2.573996379456502,0.0,0.44862261601235714,-1.1585538064768794
-0.3038959841910196,0.0,-0.3895114186132651,-1.2154969487773566
1.6076001715070736,1.0,0.8593455732219912,1.8955779862848212
2.6470660566851105,1.0,-0.3767628114509291,-0.7589263747944144
0.7364685765582254,0.0,-0.16578105169406596,-0.5753630858996416
2.323460778786858,1.0,-0.3303602565616119,-0.1733861202963603
1.7205114521842062,1.0,-0.5664545402711131,-1.2081901033339661
2.0481223514240745,1.0,-1.0131087439220772,-2.0554712283810446
0.22354807448674263,1.0,-1.7322762361214303,-1.8287776845389112
1.3797784243894216,1.0,-0.9574344868981014,-1.064514108695416
1.8478724454181896,0.0,1.410108481445077,1.0818650988492937
-0.0016094749191419844,0.0,-0.5936140878998538,0.1969726593407202
0.18386553135224915,0.0,0.6889338080847996,1.3146845254257435
0.9775183482541139,0.0,-0.44784607893410916,-0.003661192428382555
0.2369826757557717,0.0,-1.9418166063274453,-1.36571288969031
3.707851789979861,1.0,-0.01784111058338524,-0.31086834080579673
1.3965512269730975,0.0,0.7843333175648622,1.2706636322637355
0.3420234147292722,1.0,-0.4290634248132049,-0.36010187861526055
1.2272396298556032,0.0,-0.2446745495682048,0.6175593268036252
2.588762946097104,1.0,0.23299404350540776,-0.42188937502037027
-0.05680474100760735,1.0,-2.9762306201578084,-1.5400908543825036
1.1832804417411902,0.0,0.38278948787653927,0.3456629464922471
1.518425760789648,0.0,0.34104265249177057,1.0421651322190517
2.395831008088206,1.0,0.661436137794682,1.3456066071268564
1.303794859046553,0.0,-0.13723397366409923,-1.4846168247016966
1.6942526997350569,0.0,0.8047701307074587,0.4970921055395165
1.2731335313940277,0.0,0.7270347067454136,0.4139203005657716
0.7799237962813361,1.0,-0.8628576791242826,-0.4534788469101907
0.48520950695973997,1.0,0.7156132181287265,0.9074219541165021
2.6633546914692308,1.0,0.7805473631131247,0.9259239988820324
2.9436967057643146,1.0,-0.1482411054701546,-0.31114342584471644
0.5160804689556395,1.0,-2.400230609531666,-0.7228240923435238
0.41256877308133744,1.0,-1.1254825095888912,-0.5025939387410467
2.0672630854677396,1.0,-0.9259923800994332,-0.8793780069191005
0.24099280257058953,0.0,-2.019034617597098,-0.9670293393867389
0.9754838185300355,0.0,0.4158558430099837,-0.269144170571856
2.1558358393333683,1.0,0.253803396988604,-0.446997743285609
2.2779560156655805,1.0,0.14664982578028388,-0.7074489854187116
0.834019787625788,0.0,-0.12825153418498242,-0.21028369449658324
2.1486650589562313,0.0,0.9477267870367247,0.7034112637512686
1.2967990469732287,1.0,0.40579112569527154,0.663742992018166
1.2417152338697834,1.0,-0.4839133321041806,-0.9954491864242117
0.6934038086214549,0.0,-0.37784523900041617,-0.336741679313955
2.3929711177821744,1.0,0.9511131746603467,1.0577891319848762
1.7870182940340271,1.0,0.2278978042528249,1.2153206651382378
1.6173227427716976,1.0,0.620975162995399,0.7328900988106917
0.8543606544552452,0.0,0.13064235636748117,0.10607307874554588
2.202476805900606,0.0,1.8829357345260476,0.7771279753229827
1.7589826546365446,0.0,0.4184783681682436,0.5678049264565485
1.3945957259643456,0.0,0.1593976182940906,-0.29301286031912305
1.4565936351850515,1.0,-0.4124435923178335,0.4156920073888792
1.3560910405765507,0.0,0.4328610780565946,0.08851798509929024
1.8796688482646553,1.0,1.2231435388741634,0.7960765068246698
2.1182622375135605,0.0,0.7115630575008858,0.7778623436849996
-0.8745416281001024,0.0,-2.0267237461690337,-2.88079533128729
3.667573809192299,1.0,0.8656906908510028,0.8424452491267982
2.8836889747439116,1.0,0.5496410320505769,0.7920679014103107
0.7375985802917222,0.0,1.2889123431146507,0.9141442982146076
0.9351648724521624,1.0,-0.8041539965476514,-0.6227683701399352
2.9565679732989874,1.0,0.4636117628207695,-0.06554330118480506
3.411125847422709,1.0,1.33866396083192,0.3139450514237564
0.1997549545666928,1.0,-1.4092796397314138,-1.7520228830350462
1.9918851425148112,0.0,0.2554034215719117,-0.5097190545437036
1.5498020629565739,1.0,-0.6028445328524776,-0.40556016970124337
1.9962483212310669,1.0,-1.265395087653603,-1.0731764506028227
1.8154968335113026,0.0,0.6304971107702001,1.176926115538457
2.000767905379702,0.0,0.4803803693200043,0.3547763140779119
2.9346058789225036,1.0,1.795984407111097,1.0288059664769607
-0.24142054584599193,0.0,0.46759672168882593,0.2216366360635745
0.36368822735069783,0.0,-0.7185090852827417,-0.6497375544270603
1.8733723206507964,1.0,-1.3436954994193,-0.37649136214704054
1.4640695995659976,0.0,-0.8965740017301034,-0.6810822314172043
1.2069345544226942,0.0,-0.4427385649128052,0.30109867182362565
1.3632800265102007,1.0,-0.38245697734601236,0.5449366340300046
1.8388213654572423,1.0,-0.7464516969472753,-2.2906400091164074
1.4095089975941912,0.0,-0.1711431196495663,0.8787949255677077
1.9070696543770551,1.0,0.06033134865784217,0.1731645910491012
2.9230495189650814,1.0,0.7610090218001242,-0.19126408570066583
1.0291240068683876,1.0,-0.0013317400077262206,0.7632966855307806
0.9639095595779212,0.0,0.0151178945691262,1.1221422343450635
1.3203578916614458,0.0,0.9226154890308358,1.811259399754173
1.2976793244738172,0.0,1.5211277156645653,2.723249994168134
2.1055936455571014,1.0,-1.0230995043893352,0.5506913302939513
1.8732044328390118,1.0,0.41541341150705496,0.33943697458020355
1.4985491045578716,1.0,-0.6832688741790782,-1.125076647684375
3.5695021757261407,1.0,0.08252844247883247,0.30751397270704206
2.599924561167676,1.0,1.0421372417143655,2.072746880880916
0.977189558841809,0.0,-0.3226508195392055,-0.3278012623800415
1.1957214912348288,1.0,-1.154803252984047,-1.5226651157621611
1.8339900465386783,1.0,0.6477685141989749,-0.655399246063344
2.1792089741255403,1.0,1.7191821596620191,1.6487801156837258
0.4916310259034691,0.0,0.08817272820328603,1.5654939122592595
3.1361579695322406,1.0,0.47072828979443987,-0.16571250489693184
1.5754376642541885,0.0,1.0472683409711352,1.1994280351549347
1.1357517579001648,0.0,0.4182693797071919,0.6491058439376378
1.048039889421121,1.0,1.2220500904688647,2.2694030837862016
4.347201801288558,1.0,1.6046646910354994,1.8736764480012715
0.1279642732857178,0.0,-0.619226311768315,-0.6768173248320765
2.4983283715520423,1.0,0.20210529845527492,0.2915824436780767
0.483389991389765,0.0,0.2813868381249155,0.3483540403699413
0.2077397598145433,0.0,-0.14133810392332896,-0.43447748756907145
0.42747971619214087,0.0,0.13451267347344667,-0.38439475775594867
3.1790243485274585,1.0,0.16155017301889144,0.497824892928232
3.0201240600529395,1.0,-0.2584153960852886,-1.0681596432415135
1.4135342062985707,1.0,0.03684422972683587,0.7456760018078686
1.2810840428944532,1.0,0.7513155442620699,0.32417737139780384
1.3634955793656705,0.0,0.7544212821432505,0.5983464249573405
0.7576625617837814,0.0,0.006017418591320342,-0.7483965628419008
3.650216195282237,1.0,1.8698592228408533,1.3538514792725374
-0.3470285542501166,0.0,0.09925496313343089,-0.1063528786748326
1.4431740111500244,1.0,0.21074323674360043,0.9803026969314016
-0.0029453619881092408,1.0,-0.286999662222149,-0.3255178058973452
2.2933495701216384,1.0,-0.6069138844093077,0.13578220536792004
1.5729740815044313,0.0,-0.6716846577379937,-0.5574023650974281
2.198562675576434,0.0,1.0597276298579807,0.8444107842069655
2.0745157219883366,1.0,-0.0055517128404952605,-0.7552993065466699
1.6456477746133091,0.0,0.16935539459353632,-0.21247267608259934
0.34134312766695385,1.0,-1.9241566371197294,-1.4756611228104481
2.268288314005674,0.0,1.4874210510766728,1.1771625128535992
2.4621214707014127,0.0,-0.09717083514696916,-0.1728921593099529
-0.93611984807958,0.0,-1.4688882044161824,-0.4335504531392008
1.115477181030018,0.0,-0.35096634798347365,-1.4321862296291943
1.374335663657554,1.0,-0.6388336602711805,0.6106794933759225
0.40727157996071184,0.0,-0.38094663142400936,-0.7990957211335807
0.3303678616327457,0.0,-1.039317371966789,-0.6217748202470972
0.541980723117947,0.0,-1.010046786862666,-0.492463472142719
2.7056228804129887,0.0,0.5326521313575163,0.28875886288334324
0.10881991873182784,0.0,-1.1813157808618342,-0.7541690435798152
0.9256428287360604,0.0,-0.8328295992251462,-1.0810474147506601
1.7908405340835134,1.0,-0.21636394883891738,0.8734600048569966
3.7319176624085757,1.0,0.523386354635744,0.09790411705434754
1.469293502567796,1.0,-1.3617424119540338,-1.1471619720518857
0.6581246747399558,1.0,-0.7196280900091545,-0.2772148146937044
1.043110327998172,0.0,-0.35787109759568236,-1.3925080293089653
0.2580677361998389,1.0,-2.60157410815527,-1.1395136594895956
2.065082048274011,1.0,0.47353095499510356,0.8511423779561444
-0.2674049581193212,0.0,-1.3451443502081348,-0.682331163228449
2.5756902544136,1.0,-0.19549429810151164,-0.36815124065081395
0.43594289953106724,0.0,1.3131308711676333,0.47467999703381986
3.3530665200523755,0.0,1.0416378412034448,0.4771643126254878
3.035890570211865,1.0,1.6682106668479284,1.1589481183310038
-0.2357885452714501,0.0,-1.4454099079173561,-1.1660549310663604
2.464855773558156,0.0,1.893381452353571,1.714592164620405
1.0244600577652596,0.0,-0.8228407798135415,-0.7549154251407179
3.7164434117844114,0.0,0.7773945480822398,0.5688243631835018
2.016408113553518,0.0,1.3661151315719906,1.6360622282465163
3.3777589175924385,1.0,-0.5984781274859253,0.8281864662411119
1.5574574761633402,1.0,-1.6726517297890373,-1.6419430819555325
2.44842888160072,1.0,1.5366539116995743,1.6484849101983217
1.704457045683285,0.0,1.244565756051651,0.14335645216563947
2.2699288292866293,1.0,-0.24057258410346405,0.21344869550097842
3.4967136694776917,1.0,1.8690305132735427,1.5000326518067837
1.7500637386000002,0.0,-1.6567612022728047,-1.6504874021016154
2.454330586834031,1.0,0.5037807767429204,0.5387226455834473
1.919159794117244,1.0,-0.11080810073144325,0.5002092551185029
1.047887381215539,1.0,-0.9268113871736773,-0.5485402207431904
-1.313058833853367,0.0,-1.0369222107884637,-0.949149294760797
2.163769944496493,0.0,3.286394708103414,3.1115780845933965
-0.4772976620068974,1.0,-1.2619317664608545,-1.5953745562268757
0.2565183448354216,1.0,-0.05638112902747099,-0.6674946927362022
2.890925966396326,1.0,-0.4906085959383704,-0.789869393974363
1.7860021815484899,1.0,-0.7395021534405953,-0.004850184551392441
3.626613267746058,1.0,1.6962570371393944,0.9041105568811593
-0.8943380661572189,0.0,-1.0577435298426292,-1.2365664326536696
3.2404109197518594,1.0,-0.275626200114774,-0.5684722016366274
1.5123548328507646,0.0,0.20028769262593044,-0.0019325964811117147
1.1416776008525902,1.0,-0.39743830058674445,0.050279944250678325
3.742525960107667,1.0,1.7522351509473642,1.4374822224572061
0.3960235038816303,0.0,-1.0678789818671621,-1.4318381602797339
1.6573756854411306,1.0,0.015355648718318377,-0.4589149773549065
1.8726704049636413,0.0,0.5501403255098392,0.33029685381668933
1.2249024283611976,0.0,0.44906170959740727,0.9480084197920595
0.8726784620667226,0.0,-0.16039177922215406,-0.2919747902892024
1.5566762080106065,0.0,0.4220188951416107,0.23076849232538682
0.6752035694908589,0.0,0.3290335080470186,-0.5908214100018734
1.9493852473531186,0.0,0.4476279461840989,1.2153866149364005
2.4737116326168653,1.0,-0.5727111474480507,-0.7356983198666145
2.1542868898510203,1.0,0.2170512846812072,0.5783261811571466
1.4852053926987963,1.0,0.8246451748577657,1.0661793220837634
1.4161802786428217,0.0,1.0012723572948297,-0.018635286349943752
2.695666895783374,1.0,-0.07122368330843959,0.07414215514085125
2.931538841611014,1.0,0.05542073007640361,0.532054594465738
2.3246308103340363,0.0,1.1408167247982317,0.47776466488795405
2.291031179937753,1.0,0.7222809847062566,-0.06530088863226365
0.273530967309935,0.0,-1.450039296710299,-1.094701907556669
2.221287649431067,1.0,0.838638545751594,1.0992908895546476
1.8991695303668892,0.0,0.030646861334171757,0.17278772400560494
1.512079346437845,0.0,-0.15955084770487676,-1.0850698239192147
2.6366707280081876,1.0,0.07789625664262799,0.7239420957519163
1.2279435551525888,0.0,-0.04375388088467979,-0.11828293285121973
-0.1416216705852702,0.0,-1.6106702463791742,-1.01096835545628
2.014882091384038,1.0,1.1408590385285193,0.5598170511379766
1.277247964633856,1.0,0.004035056334260089,-0.09680820432689972
2.1308572357949296,1.0,-1.3750069009549177,-2.234155706321382
1.2210789856437614,0.0,-1.3630339295151335,-1.2165645063929778
2.163851780056673,0.0,0.5673764535385174,0.5432951012345094
1.1432684586375177,1.0,0.20670801880086714,-0.1008045631470078
2.0445662566510903,0.0,1.0894802264316246,0.04657557499928059
0.4105982901542139,0.0,-0.45622578199070124,-0.6415508650429624
1.715903280287597,1.0,-0.010251727505048021,0.332926235923344
1.850607138845057,0.0,-0.648466815315213,-0.7166221690383752
1.848358303221738,0.0,0.31087345594197097,0.6523429158401413
2.3298958959159553,0.0,0.4861268304213772,-0.3201240848178425
2.2567596608325644,0.0,-0.3853508040417153,-0.45914697110919955
1.1714036661735014,0.0,-0.5969707193988251,-0.35734253702252167
0.9804794446290678,0.0,-0.3258368597725281,0.5606952948096583
1.108112670496063,0.0,-0.6228910271885182,-0.8182202817660128
2.474672459275331,1.0,-0.34337285729069833,0.05224215323461578
1.2982776638272875,1.0,0.053055573175094455,1.2773165969354818
-0.10863658493896855,0.0,-1.6192218032052264,-1.5920592039804156
3.3712460684993775,1.0,0.7785298937017076,0.735352744787721
1.9648506386634212,0.0,0.8378257505814602,0.9182468269619671
0.35442490014652717,0.0,-1.8591657509885382,-2.135870855569692
1.4387397378365452,0.0,-0.1553756119195368,-0.842219993729784
3.852587389816091,1.0,0.2727458150709979,-0.8851752053768075
3.4513030629305153,1.0,1.136641497993934,0.3541741128468213
1.540080170697813,1.0,0.8093823978604198,0.40329208127303307
1.047371957907255,0.0,0.47556298662971236,1.0850645107652153
-0.33592753635353967,0.0,-1.8806307722313922,-2.488769021771616
1.2282877570688235,1.0,-0.9628535319423421,-0.43543693038975617
2.4912039932503047,0.0,-0.05189833864049573,-0.8487301974658623
1.9558673073420718,1.0,-1.2211609897351847,0.47387886487246667
3.409128130306393,1.0,1.192807547028219,0.7083793110202954
1.8275434562135784,1.0,-0.10022923222948996,-0.4787756870650735
2.326870765391756,1.0,1.1886967913553925,1.039873249660802
1.6458507312391053,1.0,0.17981868088767058,-0.8502899096273855
2.2328490090739486,1.0,-0.5084315225040876,-0.9054796576305699
1.7039330614824657,1.0,-0.45018925727522974,-1.1712861084261708
2.204748761035061,0.0,-0.5558176876357644,-1.412113849188317
1.8592210187748084,1.0,0.7372805650682698,0.3552889278587284
-0.21131955579652173,0.0,-0.03520314002612467,0.5896117170397871
0.016289310209737118,0.0,-0.5213588129504781,-0.1737005442733236
0.8439234212498761,0.0,-0.9371591767744065,-0.8306014609299015
1.7975388601008389,0.0,1.368312751858805,1.1664589411043806
0.6271910334179278,1.0,-1.1038760692433143,-0.6164128542481212
