Y,X,Z1,Z2,Z3,Z4
0.8722638660287154,0.3537419906808265,0.0,4.0,-1.0233239093053852,-0.6158244668732284
-5.683793328959969,6.969118552326258,1.0,4.0,0.2827191105224401,-0.858125109714264
-5.065909250276634,6.010339982087647,1.0,8.0,0.7046404786866178,0.10264609378073035
-2.036707880997596,3.435852322099894,0.0,8.0,0.38208861704935976,0.4601077791155827
-4.1251927545500715,3.159435269867416,0.0,4.0,-1.0259368839795646,-1.168138946661455
0.3618771583875321,0.41306964053770234,0.0,7.0,-0.45630598906076575,0.1479267577344018
-8.037132251008293,9.259454903306771,1.0,4.0,1.1254488856314278,-0.2782085317872985
-5.1219434254871254,6.341402591306446,1.0,5.0,2.273129764766348,1.821920508025645
-2.5366108108339596,2.720383904103766,0.0,4.0,-0.2888944317798566,-0.7737668404714578
-4.12512483794947,6.368033693445603,1.0,8.0,0.1273971312403942,-0.042457312354089435
-0.7517455434407747,1.386775418419985,0.0,4.0,-0.29133628660018973,0.44584584314015957
0.3802765529537523,-0.3683227644217465,0.0,4.0,-1.0598488798454733,-0.02589202053626914
-3.6085290665452887,4.316387429016313,1.0,5.0,1.011624438322579,1.0757565136165237
-1.4853093271504687,1.5393656183626163,0.0,4.0,-1.654351308279336,-1.580034286720536
-5.86103416012539,7.200340938075206,1.0,2.0,0.18417232307876874,-1.1904049661290799
-2.1321474365027657,2.3442101223626075,0.0,3.0,-0.30112811266414674,-0.7531193394324502
-3.86770813075653,5.3722004850824785,1.0,7.0,-0.2417212080479159,-0.9007045383150805
-7.245787815319028,8.651395930415688,1.0,5.0,0.5548646617552847,-0.1482080115383679
-5.503409435035701,6.12568905139445,1.0,3.0,0.638374619966823,-0.18508006409819305
-4.62189331231377,7.214103534456551,1.0,7.0,1.2341287310547746,0.7954766412767702
-4.062221620198478,6.132193127898356,1.0,8.0,1.4233096033490842,1.3599426440906626
-5.290649430594772,6.051500742098414,1.0,2.0,0.05954093183437048,-1.2026649157732967
-0.014361654446153782,3.885185482517892,1.0,6.0,1.1859585479096055,1.4955885600873846
2.4859150555735217,-1.7566334030607036,0.0,3.0,0.005887217994159023,0.5583000982829565
-4.1967991712544475,4.235944010850831,0.0,7.0,-1.4380504862325703,-0.9243363238317457
0.9430320511185499,-2.3011148049332535,0.0,3.0,-1.827148701086354,-0.9716144322494014
-2.379577329858565,4.888013008995456,1.0,6.0,1.8933576653808486,1.5866979010999702
0.4086885910759057,-0.7457034616944433,0.0,3.0,-1.378554156423545,-0.7767394039875306
-5.595016986967596,5.982601032739422,1.0,1.0,0.8914215142015579,0.15991307823920975
1.5847442807009489,-1.6069232893359728,0.0,4.0,-0.49857312456678743,0.708570971632755
0.1673847464792978,0.4574464405456058,0.0,3.0,0.13718326640530318,0.0726558542132805
-8.869469973041204,10.305696588535215,1.0,5.0,1.0317816411689817,-0.48533776809030954
-6.171702452048292,8.166124065300496,1.0,7.0,0.5135484976511138,-0.13149264852055748
-6.545759487799022,7.6217469657737995,1.0,5.0,-0.912781218087056,-1.773885220939505
-0.3342802325741354,2.318194762955604,0.0,7.0,0.4744567430497928,1.1069699024548716
-4.574003144455816,4.8982471407428125,1.0,5.0,-1.7049102558829912,-1.0395386692697786
-1.6530782495230711,1.8805062356038473,0.0,4.0,-0.3092155663954154,0.45898065341533956
-3.7845732932477403,3.817748783119283,0.0,4.0,-0.1023682018157461,-0.9371895771899388
-7.74116253949326,8.819688288933202,1.0,5.0,0.7176895561676847,-0.180911542539665
-1.5235718173019221,2.2386158773576152,0.0,6.0,-0.5197007016686104,-0.13818326420151533
-4.663892198661598,6.0588268809454915,1.0,4.0,-0.695898214726045,-1.2158085696619592
0.6476579393772675,1.4473640152624605,1.0,6.0,0.12282432811482888,0.7429460458128991
-4.527058750690799,5.47724831375038,1.0,3.0,-0.7144166906639995,-1.4302947170435247
-0.0641578428883226,0.03009408521659196,0.0,5.0,-0.6720969723781592,-0.11973619756254497
-2.3861441164803434,0.6273779396663293,0.0,6.0,-2.4880773955707562,-1.4211837704950963
-2.8907483800720977,2.1819096245066114,0.0,3.0,-0.342228703769004,-0.21250507847027278
-0.9910685690109887,2.4110215651949956,1.0,6.0,0.5123850456470506,0.6838824069099482
1.320234360780536,-1.2303965695318668,0.0,7.0,-1.1863630985572302,0.38309080328530193
-4.2171891427511845,6.541232627695178,1.0,6.0,0.392656818262554,0.2528664439622454
2.4221939215077435,-0.6629840826972356,0.0,4.0,0.10618675251468482,0.9316217926426151
-6.4702694555669975,9.822025325865361,1.0,8.0,0.30063984661847915,-0.7303473803358532
-4.290922696121361,5.725745725144327,1.0,3.0,0.9380539277771174,0.31319384193803634
-1.836491037365511,2.521694535445025,0.0,3.0,2.5750659905247537,2.348387889360621
-5.397951657856185,7.136715211146252,1.0,3.0,2.284271606394388,0.9815948766562047
0.7373109663647028,-0.8548127446002667,0.0,6.0,-2.081426478136988,-1.2020158313154685
-0.4260779427110263,0.8319000155836649,0.0,3.0,-0.010415084885544545,-0.1615584725551087
-5.662607560761508,6.449970645280512,1.0,6.0,-0.7311522703035053,-0.9780249805785701
-3.8980324958362127,7.194584678547678,1.0,9.0,1.3653992591002475,1.140357118090649
0.8584563937912932,0.4651108422248792,0.0,5.0,0.13177259387249318,0.7638982315951253
-3.1524810826328036,5.2200177127602,1.0,5.0,0.4694872748523903,0.08818468982487279
-2.1974082003026787,4.4669255755904445,1.0,8.0,0.07991938136067968,0.4892145743369477
-5.50766544452571,6.4469490975027455,1.0,2.0,0.4731897489588024,-0.32682268537939946
-2.9212069082137493,4.615400334672295,1.0,4.0,-0.2184938190562419,-0.5353752912363492
-2.4253362618216463,3.449750885970214,1.0,3.0,0.28246085847998964,-0.14781100794393784
-0.7764798937825139,2.2548051278134227,0.0,2.0,0.234021917684809,0.06363746692705921
-4.168551795838976,6.843551520536644,1.0,6.0,0.7843512713439298,0.101541876543476
-0.6094445119799947,1.3364580522241742,0.0,7.0,-0.27737617868556386,0.4542697590839703
-1.7958191441841582,3.0196738082394448,0.0,6.0,0.048339461390399754,0.5776409607770883
-4.7396639061137025,6.499240201231363,1.0,6.0,0.8003473731655399,0.293747120304917
-0.016833557105195518,0.11505196243116683,0.0,5.0,0.24034580558840288,1.1317230424842557
-5.191015940554894,6.081291126846919,1.0,4.0,-0.24178812480415163,-1.3285263308525663
-3.352307218507784,5.45668602845417,1.0,6.0,1.0378641638947865,0.8124123369597432
-5.317309484771204,5.885824202816054,1.0,2.0,-0.12012793516323741,-0.8788939876990552
-2.5917161917702796,4.085449643688915,1.0,5.0,0.4780125428137255,0.09773808363700612
-1.9945873290672984,3.6144458256800953,1.0,5.0,-1.0308095070497973,-0.6686764179045926
-2.7079128818772773,5.382632560508581,1.0,4.0,0.5184434344619212,0.09116293850732965
-1.1252799175038872,2.231195460414744,0.0,5.0,1.7771156822033312,1.8804796805942294
-4.993748212536189,6.741990358520878,1.0,6.0,-1.048720748410149,-1.2836645683643608
-0.7311400756717825,2.878888592751994,1.0,3.0,1.0762182708242194,1.394734911523062
-0.5361875321024776,2.26476058502495,0.0,10.0,-0.8731169552068915,0.5313201492369397
-1.9017366819987087,4.568066540817407,1.0,8.0,1.2401612737944747,1.386275921657327
0.6542951697504035,-0.33390094987004515,0.0,5.0,-0.8465318984354955,0.1434099405939689
2.593760605259174,-2.3348714111885953,0.0,3.0,-0.44240470408333304,0.8640413617761812
-2.903877260253055,5.144969189736373,1.0,3.0,0.7970536666523448,-0.10768756117813987
-3.680454298766951,2.838792793421327,0.0,0.0,-1.4031426759759338,-2.030641939752594
-2.308427164010998,2.552992126742581,0.0,4.0,-1.7454482017667856,-1.1548878087300398
3.425111663400812,-1.1440872250165814,0.0,9.0,0.25784338972784604,2.133537106572096
-8.01414471339414,7.971819960129278,1.0,2.0,1.3783514679883995,-0.11058148929677093
-1.6547120685609102,1.7156178098758312,0.0,2.0,0.851648394484084,0.6412819497972494
-2.47388844878657,2.401508841627198,0.0,3.0,0.21337298218242365,-0.3249915216623677
-2.178431982987642,3.1880296053649237,1.0,2.0,0.7781270574527219,0.10853042973040865
-3.6162318959849924,5.001443891314279,1.0,5.0,1.401951004684913,0.9995452132150316
-0.03099215825202295,-1.0967228192773044,0.0,2.0,-1.3514745944698279,-1.1165531150279702
-7.682069470860162,8.97270784999158,1.0,6.0,0.1566803830520686,-0.5995215409254193
5.508750418299395,-4.289348801749367,0.0,6.0,-0.11661760269464974,2.2747954332473928
0.8243741756153293,1.5659415798160135,1.0,3.0,-0.4686326932756378,0.0607470037699675
-0.3815398620358601,1.1575839385708662,0.0,4.0,0.6853949676362006,1.2625849297085139
1.671817734778014,1.025981930700154,1.0,6.0,1.15195242118333,2.1027080766646495
-4.628929860502533,5.295572471726356,1.0,3.0,0.3472646743330583,-0.5068808289105776
-2.180995742044001,2.319208263450994,0.0,6.0,-0.32861316432508286,-0.07899182905920718
-6.828046694545458,6.750618058497895,1.0,0.0,0.40594780231244465,-0.8346685533790269
-1.1009049885633133,2.4085059249386873,0.0,5.0,0.7678673228777763,0.9655936962878098
-3.218634327789548,3.580323550668123,0.0,5.0,0.10584750845344468,-0.17148529426396897
-1.1813622102708667,1.1360515882675488,0.0,2.0,-0.1388922620171369,-0.1582035463609811
-4.453637367548217,7.230175288757819,1.0,6.0,1.895308519297866,1.2853287082208515
0.12004345223951995,2.8572764693421058,0.0,10.0,1.1301906965491835,1.911649508478233
-0.1322102609999638,0.035333882179918064,0.0,7.0,-0.6798711151158979,0.13169349923181756
0.7936281714664218,0.4247365300096698,0.0,5.0,-0.2012987524413328,0.5058154780998277
1.16504450809732,-0.24691010680647985,0.0,5.0,-1.2395551855577192,-0.6818147029281434
-4.32989722261931,6.262663876119362,1.0,5.0,0.9502537353352511,0.389726624262405
-2.5543602725208157,3.8646510440078767,1.0,6.0,-0.7759913978255845,-0.5577577263242904
-2.6907248449968106,4.1460086040027715,0.0,5.0,0.40898716953751013,0.70677817579754
-6.372418191315967,7.174428012561279,1.0,3.0,-0.18467623492049068,-1.4227837003581543
0.6516192480584091,-0.19779104491721622,0.0,8.0,0.6507279061011704,1.581911732319713
-5.493346720209325,6.471589154550528,1.0,3.0,0.22892472701262068,-0.8063317280631969
-6.0418872495290525,8.941655560705996,1.0,10.0,1.7010655764264049,1.2269666380703683
0.5363120202267558,1.0877857555259367,0.0,4.0,-1.1438074934004976,-0.2819480965249687
0.4834749896952112,0.3565284789069141,0.0,4.0,0.03285168943987662,0.3841913964913325
1.7099975867256156,-0.5918122149797078,0.0,6.0,-0.6175898564561089,0.052204890529247074
-1.736672937222989,2.801495641345761,0.0,5.0,0.8716095987628006,1.043390055457874
3.133503018332929,-2.2179901268691613,0.0,5.0,-1.6238848268365582,-0.5114210198467215
-0.6966573090048538,-1.301789219390968,0.0,3.0,-1.0793001202699293,-0.29075552764210166
-2.9319526198102834,2.8096578506597734,1.0,5.0,-0.8143697231708257,-0.3367958352277481
-2.9766348418064585,4.209810082606273,1.0,5.0,-0.5486627253617644,-0.47514390399722467
-2.7929766583284326,5.535911343435618,1.0,7.0,-0.5518578546052427,-0.3341068167256701
1.4550741333870172,-0.019995184742696237,0.0,7.0,0.07581061033234889,1.0212642444844517
-6.467738379656388,9.083287015561265,1.0,5.0,2.153374452312945,0.5343690297369371
-7.314540850411426,9.652674053166814,1.0,7.0,2.00044459548185,0.6114631267764487
-8.204519580621836,8.979544892757408,1.0,4.0,1.1799031035816414,-0.43007920816456535
2.5431166784283517,-1.4408469971794802,0.0,9.0,-0.5392141338154359,1.4736772568136984
-2.9355122332371133,1.4534438751995444,0.0,1.0,-1.2558893063944614,-1.4283686730534497
-2.318921253788044,3.3298361912122165,0.0,5.0,-0.05242634936860291,-0.04775857655876263
-2.4142498363553706,3.8280234423201787,0.0,7.0,0.5394107642340773,0.5609476553443403
-7.181073416806145,7.489131519384459,1.0,9.0,-0.5587510426843979,-0.7372663746428115
1.6388977020291535,-2.1038928272172983,0.0,6.0,-1.235203771096849,-0.06131388427324238
-0.4959141397717848,3.0349864641710242,1.0,9.0,-0.8279532441884433,0.34379383414310866
-0.06242554708730641,0.39579391439100114,0.0,4.0,-0.6114000484053259,0.08317116279820992
-0.23045140522704755,0.6204313005692781,0.0,3.0,-0.6757659351216709,-0.13959597045461353
-2.6215304654513334,3.8941070229588752,1.0,2.0,0.9769732842229096,0.4481540184920198
0.29737997480227846,1.0120039543263308,0.0,3.0,0.8249640170450607,0.7679496073067353
-6.960552185176427,7.894725778251936,1.0,4.0,1.5299583474202882,0.04034952957510977
-2.3855099805056774,2.4067538489749927,0.0,9.0,-1.571971795700656,-0.6954184453952058
-1.6835080621850051,2.456576222720569,0.0,4.0,-0.007710065448421981,0.1847248786194578
-1.4945089111640122,1.2813364305486907,0.0,3.0,-0.9123065210130088,-0.9752387002931063
1.6539158526256108,-1.1201660686959485,0.0,5.0,-0.236067827432525,1.2733083000084742
-5.0919213561593235,6.227131166497199,1.0,6.0,0.18587033296190203,-0.18201345281563283
-1.388249626995435,1.6260139783513812,0.0,7.0,-0.46358646988987623,0.1196469449388512
-1.0554767665588187,2.391919367832914,1.0,4.0,-1.2371100962666925,-0.7715446288169867
-1.9616353805157591,4.63408786924713,1.0,9.0,1.4521449944820468,2.322986159600389
-5.478707102788435,6.868913027364555,1.0,5.0,1.3261724074821812,0.6450606706230195
-0.5374092675099895,2.612729589147421,0.0,6.0,0.8179178212625007,1.7056164340959064
-2.376091980307911,0.3955377480744471,0.0,2.0,-2.1356748418374605,-2.218262305528051
-4.72375536393767,6.941398147674725,1.0,9.0,-0.8513814551417177,-0.8258136036899675
-3.45387113027242,5.353591782322252,1.0,9.0,-0.38779867855396394,-0.18206294259855216
1.6141889024018727,-0.8566708256621801,0.0,5.0,-1.3226652532741923,-0.49353730704968013
-2.0269857267855684,4.495822564280261,1.0,8.0,1.1959197391876775,1.6936898387492665
1.1518122553128822,-0.060113755918709905,0.0,7.0,-0.889812612842956,0.342676132265626
-7.1267768061911365,7.223941424940912,0.0,3.0,-0.6960053916907013,-1.6312613483176412
-4.1006423492120545,4.341932307294213,0.0,5.0,-0.07890525246865124,-0.7542646267944563
-0.3593104338407771,0.479652902092069,0.0,4.0,-1.25307733209284,-1.1230212092850909
-2.110827480836607,2.0261391745347868,0.0,5.0,-0.8562839376265816,-0.6073267566400485
1.3893995890483464,0.29076993681364005,0.0,4.0,0.44684307068769913,0.32503974590102974
-2.1658298545900525,3.7733027700298627,1.0,7.0,-0.8341493288357942,-0.2892358463805036
-3.5441823880309222,6.294583075021753,1.0,8.0,0.762011676082469,0.6691590785069383
-8.225151627643648,10.318795467220726,1.0,7.0,-0.1677246565744443,-1.5091230179996162
-7.545532685827263,6.799223327968021,1.0,1.0,-0.43482174669618046,-1.5433554395429052
-0.596590337884159,2.4054432582613456,0.0,8.0,1.5250108951939483,1.8886732694709272
-4.093970367403131,4.959778586552398,1.0,1.0,0.5716180835875028,-0.298512783473274
-2.7962248183766865,3.669301050440474,1.0,3.0,0.6906044916563222,0.3787971979726069
-4.960563974332697,5.952031370772694,1.0,7.0,-1.3603102706797463,-1.8870082458732094
1.938610551254724,-0.13915698110677627,0.0,5.0,0.29945091364891285,1.2824681671447165
-1.6042601996574168,3.0785047752890478,1.0,8.0,0.04483781123251978,0.5941410366039709
2.1332762551541857,-0.2578675728768577,0.0,8.0,-1.5988400131653433,-0.3177597890636784
-0.6583931526504206,2.2834480315517696,1.0,5.0,-0.12020823809347696,0.28691776475618735
-1.2422670289275528,1.764019209582444,0.0,5.0,0.7375019244887151,1.1660565833913203
-1.5862813304853998,0.7335477674603197,0.0,3.0,-1.9325935374297822,-1.0766327601610595
2.641298157074501,-4.040964164215962,0.0,1.0,-2.3403497465030902,-1.2605576860322132
1.1761513512469506,-2.0082914062454065,0.0,1.0,-1.4830402793257016,-1.2646159715430891
-1.6469748033890295,2.458402092731299,1.0,3.0,-1.4622015269490458,-1.1566311863095016
-0.43981257768472676,1.2864506285743673,0.0,4.0,-0.7872044001088798,-0.5441220109810828
0.8109343051804306,0.2585603074222098,0.0,4.0,-0.6916645060470062,-0.03829817293531024
3.1295535816095432,-1.8725331526274331,0.0,7.0,-1.169130071365414,0.4729408077656153
-1.4533007504379756,3.4095152994698528,1.0,4.0,-0.06818347561881254,0.06176499161609261
-5.1346592790101,5.741645279791751,1.0,4.0,-0.10405755284101263,-0.562102509258062
-0.9598731357978421,0.5683141577307758,0.0,5.0,-1.2927089995918895,-0.3020034212872017
0.8233462472159747,2.3962097141541827,1.0,8.0,0.6890846408317451,1.23866514600759
-7.897538163453564,8.282489275219882,1.0,3.0,2.046984569495157,0.32984166474470833
-0.7454060346625653,2.5594557083060563,0.0,8.0,-0.17610992935815864,0.3753410991868436
-2.6955672023807042,5.0722056551525725,1.0,6.0,0.8081520518736605,0.4780914652858907
-0.7474395556429384,2.5960183072663767,0.0,8.0,0.8044335895582757,1.8494840310585834
0.7794404125982773,0.640034517611893,0.0,3.0,0.6682184021035396,0.7430702694899963
-0.9798125941208794,1.1482635952547753,0.0,3.0,-1.2400982798592994,-1.1366170406133187
-5.115478478614651,5.790678871330801,1.0,2.0,-0.3897265652531331,-1.134612156749303
-1.7614330236723916,1.8423583400900916,0.0,6.0,-2.1151474436285254,-1.9263618199258539
-0.15842241166801133,1.0436892054325697,0.0,7.0,-0.5384773790210167,-0.33523146343334553
-2.7755503215090873,4.418403851598301,1.0,6.0,2.8625134930929392,2.9134940335879946
-2.6875760821982175,2.6001443065746663,0.0,2.0,-0.07091490842147995,-0.2611494919706885
-6.092355833147667,8.470240499307954,1.0,6.0,1.0173091232971032,-0.25173608540059444
0.549886056114103,-0.05600265702928353,0.0,8.0,-0.38109968649274345,0.6887564320306916
-7.595212413538914,8.858717647458818,1.0,4.0,0.46026868175304636,-0.8507464642323186
-2.7518833925687867,2.082095396408183,0.0,2.0,-0.9377461649252196,-1.4087029290689648
-3.357281756517441,4.549168433939606,1.0,3.0,-0.5180013095118647,-1.0377777253751392
-4.104115298860567,4.004299039584707,1.0,5.0,-2.177847671055967,-1.9627953210297664
-1.1367741066448582,1.6509428723063226,0.0,5.0,-0.10999158281203572,0.42994419629211916
0.9065390922688478,0.21422435793396843,0.0,4.0,-1.1935778582944994,0.19558519963835982
-2.29832671568321,3.157906269625622,0.0,4.0,-0.40357690929076506,-0.513800296613498
-0.07319480141283796,1.6786569459377096,0.0,8.0,-0.4972360668803774,0.6631582732698341
2.238865690680838,-3.258627626846622,0.0,3.0,-1.14212875964285,0.2754250496434055
-0.16774675137996264,-0.2664735576317603,0.0,4.0,-2.066383552564173,-1.6528484020100787
0.6948736278284665,-0.5800053817111832,0.0,1.0,-0.23814929352947306,0.14262961691396236
-4.553081698488926,6.461324501266362,1.0,6.0,0.42545928281378803,-0.025925579188467402
-2.4135199188666947,4.644589427396743,1.0,7.0,-0.057742366219570566,-0.1321097558066839
-0.7082630412027139,0.5942504932406786,0.0,11.0,-1.660632966337709,-0.08381464071927275
-3.4232850149049305,5.691864177853185,1.0,11.0,0.06820055628070355,0.8040183642360188
-5.423891643514505,5.991687082712616,1.0,5.0,0.24159547849340313,-0.1355024174047757
3.21229509938956,-1.3614946533381893,0.0,6.0,-0.17805529996807995,1.4438722022727406
2.046952264105285,-0.06576108555536553,0.0,4.0,-0.06162997912305371,0.7239452927745491
-4.83757719220216,5.398510814934804,1.0,3.0,-0.12559268137007773,-0.9274325061050309
-2.656866575465594,3.9144119223152063,1.0,6.0,-0.4053842055497114,-0.21482172187106105
1.9519205195759755,-1.121888943146186,0.0,2.0,0.8607972697807131,1.1684431181648165
0.6325593471040084,-0.2219588121043694,0.0,10.0,-2.796118782362537,-0.4605408319327152
-3.5174698656473087,4.973741668996147,1.0,5.0,1.4486012110762734,1.2951707762839888
-3.3401867761327226,4.952631908183318,1.0,6.0,-0.30911720915569707,-0.3682788638150873
-4.948124866421956,5.612730767754877,1.0,1.0,0.22117471027018104,-1.1259995727989307
-8.608490846975736,8.181066913367534,1.0,3.0,-0.923961307148329,-1.5057643108282477
-2.2183277024572723,4.145615955569514,1.0,5.0,1.4036372807474964,1.1639892848166933
-3.6308120723682293,4.93672666129905,1.0,5.0,-0.9965451799868451,-1.2850700422885533
-2.1843225539539333,2.0458885023144973,0.0,1.0,-0.085504945751845,-0.4621888344279905
-5.817882185355336,7.156431957352394,1.0,3.0,0.711129099731202,-0.3076105641381703
1.1386448822369333,0.03535474426881091,0.0,4.0,0.20433951105244588,1.178531948034737
-0.8502539298059044,2.094338463146421,0.0,10.0,0.5905764725903784,2.161666487464659
-0.6124531398771584,1.5672678153386643,0.0,6.0,-2.2919183797341023,-1.6456217663600863
-6.719840040077472,9.286881810868978,1.0,5.0,3.622967553379059,1.6753300164338438
-2.5521329081286934,1.3996485469445552,0.0,1.0,-2.1865909281333,-2.572122152155412
-3.021877239338527,3.29521713845433,0.0,4.0,-0.5159956331600919,-0.8451238884735737
-3.1238168695914648,4.06246216361067,0.0,8.0,0.12911826687180203,0.7977062261701865
-7.3433806988985335,7.932020364414335,1.0,5.0,0.19045422048843968,-1.4194877271244377
-0.9536364536415886,1.1574747634776519,0.0,4.0,-0.9467416532135814,-0.26504107263105625
-0.3534424455417018,1.2525745892725184,0.0,6.0,-0.02791456278849258,0.6145320306361401
-1.3007954553050722,2.0126400766867483,0.0,5.0,-0.8618010306021291,-0.42007087775455165
0.03512449571238388,1.0551246941609829,0.0,5.0,-0.39013462185094694,0.05749224121674815
0.005516774451553075,0.16340719375959967,0.0,6.0,0.12673738802218548,0.7914574467268769
0.1706839511504783,2.2252587294645205,0.0,6.0,1.0971523302445605,1.6056903468901644
-0.8719272805650048,0.2505531460871323,0.0,5.0,-1.5082198083817882,-0.5402605147089584
-4.900574096299003,7.458150717593735,1.0,7.0,0.7406289477504336,0.4119310304657628
-0.43033409746621715,1.750036755893204,1.0,4.0,-0.25241256268969786,0.49314030688635574
3.940605790628271,-1.4545060783473738,0.0,6.0,-0.2249860317632121,1.0599086532459627
-2.4630255639001613,1.7714045161028125,1.0,0.0,-0.965758066248806,-1.4091552366243574
-3.730854617747179,4.624989823138822,0.0,6.0,0.8139283526955211,0.545389501029049
-4.647522252990534,6.850813864553528,1.0,6.0,1.5836578335802338,1.1080163728770533
0.4147942762117637,-0.23280269975819257,0.0,1.0,0.7052663189619603,0.6276063412600381
-6.344600039133793,8.480623735358634,1.0,5.0,1.429427166174556,-0.07697197004386358
-2.3195598664343855,2.5632028625588337,0.0,5.0,-0.5755886936963336,-0.7522425851997585
-1.3093322082585779,3.1749997529768033,1.0,6.0,1.596988511532314,1.7109937832125737
-0.862544831046126,0.27000279379342584,0.0,2.0,-0.3226335178882434,-0.35186191468776334
-5.823737456991136,6.910899051017778,1.0,2.0,0.33873631712897245,-1.3428401521457385
-0.32484555173777074,1.7670119769447434,0.0,5.0,-0.5764444487079323,-0.469608111652159
-2.0542576973228375,4.252119920143862,0.0,12.0,0.8415282027072,1.177922396549392
-4.489510437614543,5.423880566483709,1.0,1.0,0.2072178715237851,-1.3097439575930339
-5.935751406067267,7.04847964791945,1.0,3.0,0.3953750196693004,-0.11325478611402244
-6.800234322433638,8.154046953516499,1.0,5.0,1.0022717700485704,0.20176969588614768
-0.6963938598692978,2.9770733510576193,1.0,5.0,0.5267623717255727,0.7747314475330378
-4.6724233638141826,6.300545288752016,1.0,5.0,-0.5309501538142177,-1.0403247845136863
-3.563068701414709,5.597227277168782,1.0,9.0,1.1051018740667673,1.5451811449509383
-4.814397504485358,5.914936223378376,1.0,4.0,0.03895783459511361,-0.20232562160651935
-2.652894315614245,5.159306653849558,1.0,10.0,1.6381883659681393,1.978884472464927
-2.6310103935286264,2.545031268994613,0.0,1.0,-1.1486511349761819,-1.4662926299802441
-0.2472660860738508,1.3505407152878557,0.0,6.0,0.3128570230998719,0.680041683268275
2.196703983610814,-0.8638884583562869,0.0,4.0,-0.6812458395719743,-0.1719038215094165
-1.7064820043034405,3.9751158581504216,0.0,14.0,0.37122401166388563,1.6208975787185778
-0.21352588756877422,2.8370930544341313,0.0,10.0,0.16755942220721864,1.3187812121033176
-7.948065331214848,11.168373347719097,1.0,12.0,2.112109420640778,1.9186212959113076
-3.631966682373632,4.2809443628866966,1.0,5.0,0.14185431477308327,-0.1850355612192203
-2.776769127914611,3.5647240329242944,0.0,4.0,0.7735489656313304,0.4849475163501617
-5.909299867014598,6.075576906770073,1.0,2.0,1.4027249264004773,0.24093220954594205
-3.360832242860676,4.545534236420934,1.0,8.0,-0.6351961146722186,0.11074537669548037
-0.2060669653995666,0.8557080057947326,0.0,7.0,-1.7543375808629806,-1.3630700998716418
-4.948096478173405,6.152539902724776,1.0,4.0,-0.5675228138656244,-1.705959373340071
-0.40566250503134876,1.557822978566357,0.0,7.0,-1.5458739826820422,-1.1571065832596559
1.7380784681461872,-0.7599939629884063,0.0,5.0,-0.19239717358147296,0.920588829304024
-2.609706681437113,5.228696129934573,1.0,7.0,0.21237347722704683,0.0891143450694039
-1.8930318419431593,3.96656646126043,0.0,11.0,-0.3955939846514731,0.3352353095661901
-1.2923089679825168,1.873570631769829,0.0,2.0,-1.510096267587602,-1.4589882720915737
0.11283640260357919,0.5307313756278923,0.0,3.0,-1.2451186817645636,-0.7221699598920758
-8.434744552876246,8.553368326072038,1.0,3.0,0.29825422685220354,-0.8466060019515197
-6.992906704473381,9.666237864697212,1.0,4.0,2.8684827132493345,1.1183456348353773
-4.798690434299364,5.539809276395266,1.0,5.0,-0.330321828385245,-1.0825571572970563
-3.7373484293701416,5.03240045312994,1.0,6.0,-1.2761496785076034,-0.8324909917048037
-5.851571468529584,5.758789975011682,1.0,3.0,-0.14468626894699238,-1.0993350058195526
-2.4544381547455134,4.718659371317231,1.0,7.0,-0.10204010673386042,0.4618796027222527
-3.763259461844596,5.4390584612485675,1.0,1.0,-0.44206003907968455,-0.8971681206441717
-2.944535822876652,6.292548722987554,1.0,6.0,1.2143386143657562,0.9357183769467047
0.35180735544487884,0.439143731928203,0.0,7.0,0.10287433639618011,0.6244401546985626
-6.36375550854728,6.448782977818025,1.0,3.0,-0.07058382378647816,-1.3595822052290836
-2.442946990628379,2.215609801881298,0.0,4.0,-1.032547826483904,-0.6635029381492915
-2.6865170697085516,2.844985683455622,0.0,5.0,-0.5796755731004258,-0.7510450294665723
-2.2617234775776773,2.8471703938918624,0.0,7.0,-1.5223062056628858,-1.2781718253127845
-0.36369243982725497,-0.7201824405202903,0.0,4.0,-0.21637451105073963,0.9432944411772269
-6.506185732577755,7.938583817707336,1.0,2.0,1.2375042831613958,-0.17658270204760845
-5.855708343034436,5.506503723427215,1.0,1.0,-1.9862289219090892,-2.8954635589230078
-0.43162202021721474,0.4026287668749193,0.0,4.0,-0.3974177958517877,0.06548315811641721
-3.5295385916701916,5.227829062470382,1.0,6.0,-0.08473256389499932,-0.264898399962579
-6.247472618106965,7.551952555845129,1.0,7.0,1.6164859913604583,1.218468081175863
-6.27874639808766,7.142818016961984,1.0,4.0,0.17126774156020422,-0.6918150870711922
-3.616418486557171,2.988288843724187,0.0,3.0,-0.5520988382031613,-1.1339617863171534
-9.377398465626882,9.610582940065687,1.0,3.0,-0.9316348802836637,-2.607791755974512
0.3312181525756154,0.5589714215336059,0.0,8.0,-0.6881760371916709,0.415822117253866
-6.97729355329535,9.203954888942032,1.0,7.0,2.3335020806248137,0.8149630595326711
-7.094730612585507,8.487453728178073,1.0,5.0,-0.13677234696019175,-1.7189138226539977
2.980253921960822,-2.1831846424219137,0.0,5.0,-1.1168917324464354,0.11792286959094718
-1.8849527436732019,2.4545396398916237,0.0,5.0,0.6341357869606429,0.5584859014622059
-2.2127168552082117,3.1709646808941288,0.0,2.0,0.10052982661740655,-0.21188364090190537
2.9384769645365387,-2.3343564133511787,0.0,3.0,0.744840208682766,1.754593952789656
-6.535627700404585,7.4411935649816785,1.0,7.0,0.3524050318447125,-0.23183423614314602
-0.7595497209116255,0.5002078052928456,0.0,7.0,-0.9879824836628974,-0.20694820063631703
-0.9507231637295052,2.06999985701726,0.0,9.0,-0.7580482993004062,-0.034817932063305454
-2.8507902763851796,3.3771965086155826,1.0,2.0,0.5818339008258065,-0.04724533937447174
-2.4852823604165333,2.375069825413964,0.0,4.0,-0.22616324584529837,-0.4246992640354656
1.9117722205297119,0.7094424015673284,0.0,11.0,0.018602453299966706,1.5508865261758698
-6.306845329982172,8.976162796383312,1.0,8.0,0.11681700020535404,-0.6951412839105185
-6.774417699379542,7.54263625371538,1.0,3.0,1.0594181206305309,-0.21370032618947205
-2.977063332226951,5.541582508749503,1.0,8.0,0.028226519791367456,-0.21843169144248192
-1.1437829701602045,2.6481145258629084,0.0,9.0,-0.5828022812884329,0.3958922914384452
-1.8067780738583796,-0.88470133648362,0.0,0.0,-2.3443824778175872,-1.9793810189157153
0.5731698764414849,0.20991373574821307,0.0,8.0,-1.0615183496351928,0.2679749108412317
-0.406094675341396,0.631900081773022,0.0,5.0,-1.792561332730184,-1.1729221444495708
1.6783323370960552,-0.9851073613808505,0.0,4.0,-0.47884991715929137,0.3436000542269189
1.502376891085226,0.8062880009972577,0.0,6.0,-0.3654639677454368,0.43837414517171924
-6.287975325808905,7.480322129850587,1.0,3.0,0.4640100753569454,-0.7042344892837231
1.5901318126134467,-0.46764957878998814,1.0,5.0,-1.4349110829931546,-0.36132645384501005
-3.641504823621586,3.9637402594185405,1.0,4.0,-0.4782511539546455,-0.6457515195428574
-4.391613700124634,5.649234556242387,1.0,7.0,-0.30626500885303465,-0.4409921844016934
-0.9668739541873155,-0.26664796310274635,0.0,2.0,-0.17371616273120602,0.33389002686780217
0.6077495201170525,0.5285067634333966,0.0,5.0,-0.23137162326534977,0.8235631242325601
-2.136172532041241,2.8513782632188027,1.0,6.0,0.25744490675079557,0.7164052141456005
-4.38169844215615,6.537962130469355,1.0,5.0,-0.253259231664242,-1.0985672240933075
-0.8825723061275533,1.391668908922163,0.0,3.0,0.178620635914222,0.04388629605798427
0.09096466939924297,-0.14441907596608927,0.0,4.0,-1.261711485781476,-0.8140809904942933
-2.2089155937336584,2.35896403821264,0.0,6.0,-0.8348791115791618,-0.7369292893541294
0.03339809335441801,-1.0534951603239238,0.0,3.0,-1.719545703766066,-0.6114465769954344
-1.6840359660216537,2.8850073606719846,1.0,4.0,-0.7229128158119714,-0.7025271011574147
-6.705136246776776,8.501672630402773,1.0,7.0,-0.38982634045418413,-1.2477790855374735
1.8109914421665534,-2.228759850983152,0.0,1.0,-0.002624750875082697,0.33966112277985616
-2.629489248796255,4.056866119132869,1.0,4.0,0.004162065987229452,-0.20190597253779563
-0.9002588535343298,1.846580377898328,0.0,5.0,-0.8660721860912372,-0.7580954121300084
-0.9675917670018775,1.1077391743202354,0.0,5.0,-1.7673219772608757,-0.7449484777295992
-2.5702511211178396,3.638158376631149,1.0,6.0,0.057645411351325636,0.4199918508900466
3.0883683712736807,-0.5004458823379947,1.0,7.0,1.2261174090527036,2.4925182120150624
1.466494754720821,0.1203133685159814,0.0,5.0,-0.084806446505106,0.04212612836915023
-4.261954596447182,5.189199526154316,1.0,4.0,-0.33465687016969936,-0.7197135167722444
-7.278276249466987,10.196262104530291,1.0,9.0,3.0835847946639023,2.0560877117504415
1.216039823863873,-0.852467123447846,0.0,3.0,-2.1304094461621705,-1.2211017858038042
-5.191851980774352,3.9863094527413936,0.0,3.0,-0.9136971734817394,-1.6866102891285406
-7.163174951598786,9.02748425522439,1.0,3.0,1.3226330173254255,-0.13244186858081544
-5.50757281717185,6.423117093509685,1.0,2.0,0.7983169462243804,-0.5225858251912251
-4.626772942988512,6.842800803406382,1.0,8.0,1.1382577603574127,1.1556276778975603
-0.11702413400878209,2.4000527747423126,1.0,5.0,1.7680372942755254,1.924014741019282
-0.25439587929479046,2.574877274349423,1.0,6.0,1.3031548796597288,1.809879843897232
-0.8087597461537381,3.915320850383419,1.0,7.0,1.5663146778886337,1.492193929450222
0.9643491971144041,0.95951966891697,0.0,5.0,0.747430447440118,1.1693087909111972
-4.124468034823687,2.5310851213106256,0.0,2.0,-0.800169034369392,-1.3259511472283814
-5.968834652061462,8.129273417892001,1.0,9.0,1.3514879534110955,0.8464306448559354
-3.5407112817222317,5.825462764370102,1.0,7.0,-0.4615415443136282,-0.5494013481412837
1.5483243932551636,0.10491167044598082,0.0,9.0,0.6725439268950005,1.8283889264757642
-3.9640683219189974,4.79605941959695,1.0,5.0,0.3389677619159408,0.1768676739125523
0.6358542368257911,0.2547021805797218,0.0,8.0,-1.3569167490067051,-0.6076330320685285
-3.339496402176666,4.020104120186872,0.0,4.0,-0.9813290494423477,-1.2002874311272214
0.3003536920496522,0.3405327254968484,0.0,6.0,-0.6497844676837555,0.13549593285129474
2.173155094544264,-1.2012029688710069,0.0,7.0,-0.18420774477809426,1.219897871831011
-4.882472918514804,7.035179061952226,1.0,3.0,1.4287726365536713,0.7800263920509567
-2.586686116921187,4.21641254976849,1.0,2.0,1.3429683037968243,0.5234152760242511
-3.9036093569950525,5.631969192938772,1.0,4.0,1.0004215188048609,0.08123608314794696
-5.2499210947854955,5.932189748922662,1.0,6.0,0.10416799106919192,-0.5719687001945503
-7.183258499405309,9.853416997417206,1.0,8.0,1.40484799040458,0.09775186403235109
-1.511184250755556,3.763226281664764,1.0,6.0,0.7329797971068233,1.2891149130977677
-3.872461712353401,2.8167182442248304,0.0,4.0,-0.8460004681274433,-0.8716813934964422
-8.988949182403996,8.468874831411055,1.0,1.0,0.3396941533171221,-0.7925990179882402
1.3357984057722465,-0.684616212446596,0.0,6.0,-0.5863736099981938,-0.10797902391624976
-2.2519803983012845,2.535018587544104,0.0,4.0,-0.2211040639726332,-0.19653173011252897
-2.5110472885491317,4.551356346684822,1.0,7.0,-0.6013691860039354,-0.47086482575628663
-0.19976755365092286,0.9476218719528684,0.0,5.0,-1.3153063555180164,-0.9933186957985637
0.3148249027447316,-0.5487675421312321,0.0,6.0,-0.07472990241764908,0.9016019022081359
-7.190676351720156,6.903402843383728,1.0,1.0,-1.0347740029222074,-2.805498174319441
-2.2566324693384407,3.5903957204689743,0.0,6.0,0.6360168166576854,1.0007265213691778
-2.9763454220800307,5.691186948712595,1.0,5.0,2.1242489543039076,2.0079524137376765
4.95733192548701,-2.8465837564950522,0.0,9.0,-0.22211896589850968,2.2344742791189662
-3.322574187406244,5.282978601812149,1.0,5.0,1.107176097720794,1.2965218146124111
-1.209877490271976,4.267603586925587,1.0,7.0,0.9201623237448467,0.8267848063366929
0.5816750903976735,0.017141191570299696,0.0,5.0,-0.520161463010882,-0.13611023731129057
-0.24457795577785968,2.0251172698599715,1.0,4.0,0.24037742272689236,0.17268242204200598
-5.476954411634347,7.857669290561093,1.0,5.0,2.5018465211737344,1.1494852442789414
1.6509058633053388,-0.846103619399691,0.0,9.0,-3.522327167883854,-1.6863931191823727
-3.0185737882536343,4.426752128666213,1.0,5.0,-0.31268571212043006,-0.2539835623650564
-0.7040666057425831,1.4375169048994696,0.0,5.0,-0.16386054432050495,0.24008112439963197
4.000744398998384,-3.4010809412294547,0.0,9.0,-1.682114948237619,0.48122642181683833
-6.7512195508625625,8.137172592363523,1.0,5.0,0.2706044714954359,-0.6740681450877308
2.3223057350410583,-0.2676710491738006,0.0,7.0,0.47839573546042,1.8141619245980196
-5.886246342455108,6.265961725838033,1.0,4.0,-0.427145055963859,-0.9381142040878707
-2.0826181355844438,2.8428457038581123,1.0,4.0,-1.225072857296189,-1.470275484445577
-2.3520586301804083,1.9877830332968673,0.0,3.0,-0.3689833796496025,-0.4277474378159616
-1.345735377326459,2.8021609507728655,0.0,5.0,1.214720713774255,0.7180786502107909
0.9640701705679684,-0.22690796141101796,0.0,3.0,-0.017076640385116998,0.4261182625681017
-3.296070724489951,5.336452223494592,1.0,8.0,1.6018745229370628,2.0011787479843264
-0.46586572530173365,1.3879628715727204,0.0,3.0,1.1118578078902335,1.179568052784631
-7.571702660134639,8.58985082668411,1.0,7.0,-0.029130085854120278,-1.342927021341929
-6.371799107907257,7.661306739419334,1.0,3.0,-0.2361430728092682,-1.621154267220907
2.8850334207700885,-2.4693069684137092,0.0,5.0,-1.417074150664158,-0.27115026627413596
-4.790510277292725,2.90918126271311,0.0,1.0,-1.7753773430622708,-2.195015298667209
-0.9668454495545632,2.622311807431983,0.0,6.0,0.8106096144360873,0.8680776721266759
-2.6289073860903907,2.3524158930972545,0.0,3.0,-0.9140634705475117,-0.825352120161488
-0.6080824483868337,0.5259356290375214,0.0,4.0,-0.403921509468324,-0.08807728151284559
-2.345304202432909,4.506738455139278,1.0,8.0,0.06850231157252369,0.3917308303905701
-0.39089171251921806,0.5758057575410445,0.0,4.0,-0.9710198480034251,-0.7510173627297222
3.7886110034156566,-1.8098004333529394,0.0,8.0,-0.4876633278070361,1.7409947938749686
-4.802794574651487,4.960869991154694,1.0,2.0,-0.4814928062902031,-1.3715931891179265
-5.9936638112220955,7.640145223058931,1.0,6.0,-0.06546497961359515,-0.7306482431615132
-6.88175755494075,6.6952468676158645,1.0,4.0,1.3529875195534162,0.32708776445836457
-0.5426032076133042,2.5061158650121977,1.0,8.0,0.8740039649060014,1.3799775766047289
-4.112568755170555,4.497176890371492,1.0,5.0,-0.4248728580559748,-0.6140365107752939
-4.368483837717072,4.558595492578153,1.0,4.0,0.9525700267918222,0.37333545781148886
0.7655503285202572,0.053100691157361844,0.0,4.0,-0.20208037241084223,0.45818697176414963
0.6464616270592933,-1.313490673220977,0.0,5.0,-1.9838513575126542,-1.109490378330492
-5.192107968393421,6.362609575556496,1.0,7.0,0.48678028997555994,0.5079021316949336
-6.0026031115951834,6.342096120335502,1.0,6.0,1.3433297137638642,0.8656057202010211
-2.9219136385083004,1.3616134802763076,0.0,1.0,-1.788962763516959,-2.1353659218619745
0.3914048735233252,0.5597581893989456,0.0,7.0,-1.5597368239087288,-0.3610255077791833
-2.3475235776907954,3.317290150633728,0.0,5.0,-0.7601358650415165,-0.7112636038941381
-6.8698190894665805,8.53073555667627,1.0,8.0,0.165658823453197,-0.6846192793621103
-0.8327924452900013,1.812184834173233,0.0,5.0,-0.22724958801569475,-0.2550446325898692
1.6885855162380803,-2.4246191713532648,0.0,4.0,-1.092689158498062,-0.2091393067510169
-5.866676204019143,7.227737492428033,1.0,3.0,0.7197742993883489,-0.7514881170993887
2.006815515323859,-0.043137161999817875,0.0,5.0,0.2784684255190248,0.9204433973029769
-1.4593072747597653,4.065742671841208,1.0,6.0,0.37449392746089094,0.721598854511254
0.6550083035098898,0.910593942390638,0.0,6.0,1.2396982288152438,1.8211179543056888
-2.215168113882993,2.210048526542284,0.0,3.0,-0.6319401277118565,-0.6393119792088084
4.163880488394062,-4.558295792792455,0.0,3.0,-2.688415457561534,-0.8733112837209454
-0.7664250419934551,2.5101338545643928,0.0,5.0,0.18007643182717917,0.15768475802140103
-0.3092661632134932,-0.5439238666231725,0.0,4.0,-1.5743970734424226,-0.3317599701690685
-7.13312144692435,9.852223554854184,1.0,10.0,0.7256376142421685,-0.1111618327242377
-4.6819194195917335,6.118317639415909,1.0,6.0,0.7295440293969238,0.3367589690287659
-3.1549043491977815,2.09461818402512,0.0,4.0,-1.5968308169220973,-1.829018358908863
-5.594822064454947,6.1229331217419105,1.0,3.0,-0.1067665264402594,-1.1921546992592218
-4.710573271576721,7.113578343329898,1.0,7.0,0.9455468278640653,0.12414962910345001
2.2471433852604843,-0.7840186158416499,0.0,4.0,-0.6620704508657032,0.08560013248721372
-2.169241476285674,3.7050879515454027,0.0,7.0,-0.12534106145326326,0.058184900946374025
-6.991082142599186,5.772617759110103,1.0,2.0,-0.23016477422511858,-1.2283334510259092
-2.1203376134730987,3.6619534202125132,1.0,2.0,1.760111765469711,1.089536268938463
-2.889946198471255,2.691725763171746,0.0,3.0,-0.1666361983925312,0.02551164490348131
-6.246470894334833,7.061048561204459,1.0,7.0,-0.8146532180577725,-1.2283476747442048
2.482515738073109,-2.093969683556872,0.0,4.0,0.22931512362026485,1.124990551301499
-5.8133097729307766,6.6213235670889645,1.0,2.0,1.3987097680287617,0.04431893658549892
-7.840739474012441,7.425406450951034,1.0,4.0,0.5842061727631115,-0.5206338499444271
-7.271366255757397,7.76056736876716,1.0,6.0,-0.7573530825465147,-1.1093448410364424
1.5068780837548434,-1.842853954201079,0.0,6.0,-1.5720295711658996,-0.3271157391851632
-2.0488319991335113,2.5638972034457446,0.0,4.0,0.026202459632345833,0.16358363160241313
-4.24674834401632,6.260275827166744,1.0,4.0,1.5026731199439618,1.2157433198791616
-4.3813526921100046,7.14999049157321,1.0,11.0,0.9351595950828219,0.8422779962002286
-3.83110736363956,4.0116494275509424,1.0,3.0,-0.12295159804847929,-0.3860059468522045
-3.6603170131105243,2.6734761256181248,0.0,2.0,-1.0063307918853337,-1.9095925828826321
-4.7282034050752,5.904538164594229,1.0,5.0,-0.9444085213085094,-1.4804082898666875
2.04045814239673,-2.2582293574117482,0.0,4.0,-1.2831744909420897,0.124038636747516
-1.9549661937535356,-0.13024740999782747,0.0,0.0,-2.6047982076396328,-2.3414990716129003
-6.128476841410144,7.692902380225021,1.0,3.0,0.49127233129770864,-0.5429673051038163
-5.285680955196866,5.552195665059992,1.0,3.0,0.41268613591763703,-0.5207444406429093
-0.6922008087963212,1.980015836725121,1.0,3.0,-0.6808220912682742,-0.829935724918646
2.122259135979303,-1.7307448022303706,0.0,4.0,-0.9174286592744758,0.3190713483769005
-0.912586784416217,1.6115987367308195,0.0,4.0,0.9265198722267378,1.1538328033060115
-2.66855392358955,3.1382736419588517,0.0,3.0,-0.29515835259015644,-0.7581103373480931
-4.060736063644841,4.415413167133426,0.0,4.0,-0.35817953022200677,-1.2722083351028302
-0.09127630230825057,-0.0158443957745055,0.0,3.0,-0.7250082603541641,-0.17814276187468425
-6.977888392798105,6.543398154970943,1.0,4.0,-0.973870520453723,-1.3165216359932879
-3.292337224084379,3.4046300411951287,0.0,6.0,-0.12942771949165852,-0.13705967690253182
2.3893030805885345,-0.3547767652868927,0.0,6.0,1.1251542453551338,2.1189570254497365
0.021616941280068858,-1.5452285610594605,0.0,2.0,-0.5795507860434791,0.10212612861100909
0.783315497582834,0.5328180659907519,0.0,6.0,-0.32700836412492074,0.4387681613189184
-2.344534347975211,1.3201608345576887,0.0,2.0,-0.648478179558446,-0.2096184704674623
-2.0919382002644507,4.142028420696336,1.0,8.0,0.39274342734949735,0.950967050608653
-0.9554014987504599,2.7318127640860492,1.0,5.0,0.7476170601000047,1.330414690564419
-2.2394747773354067,4.468334891610815,1.0,8.0,2.1764961658947843,2.526280011712412
-0.5416809098021398,2.8003306072848035,0.0,7.0,1.4264429577576754,2.025993874476729
-4.493354873190342,5.897290637602397,1.0,5.0,0.7740038528161761,0.9615193918636021
0.0013318683245102658,0.18708541247488758,0.0,5.0,-1.9168421002796394,-0.995666221294139
-5.7976715169884425,5.286837510377779,1.0,1.0,0.31650104896027464,-0.5848538199038432
-4.888530153119971,5.923852960234566,1.0,4.0,-0.14941015949582376,-0.7784335351826008
-2.0021528694395947,1.9479073235540296,0.0,2.0,-0.25788149187310766,-1.3686195293196994
-1.907533306311712,2.7903456399348108,0.0,3.0,-0.4089591734805777,-0.590690765363909
0.10396027864720736,0.22052366427741352,0.0,5.0,-0.7527466759119322,0.05180090799421117
-5.86237847927984,7.400201394851162,1.0,7.0,0.15319853195596306,-0.337421249440849
-2.2939256167637088,1.4315158326968982,0.0,0.0,-0.5383133982958331,-1.2526394072227007
-2.762358903990547,3.1880627851410055,0.0,4.0,0.19782562233861914,-0.3263475990340799
-2.447975304041083,4.063848219175032,1.0,8.0,0.6267104158773429,1.1350860306512747
-0.4426692301129913,0.12983007299709737,0.0,3.0,-1.6983273917998474,-0.9010630881078667
-5.3098028712497545,5.89282593272099,1.0,5.0,0.02028231305787934,-0.570246276716815
-1.5325821184757888,1.8762248283915288,0.0,4.0,-1.0864237792483091,-0.3509452813422194
-9.002693997001403,8.211569542055969,1.0,1.0,0.33725619268005624,-1.422979515000254
-3.8787712928755846,4.031114658662484,1.0,7.0,-1.2382691182297227,-1.173868224449128
-7.935285909163139,9.900014336225953,1.0,6.0,0.22962950304034824,-1.4465573734522879
-1.4947799751171311,1.7047862775379716,0.0,4.0,-0.5863860103173755,-0.7052064768821712
3.1587500480599613,-1.7139001082076608,0.0,4.0,-0.04195001106335353,0.46455586839919194
-1.0671504667450789,1.414338755119849,0.0,3.0,-0.8199332632130276,-0.25822253488171415
-7.111563871774427,7.287867517003233,1.0,3.0,0.18942230912974556,-0.8388193491313308
-11.320923156573711,13.152228315492971,1.0,4.0,1.3272597216859578,-1.5457472775119285
-4.919860289502466,5.504953479632133,1.0,4.0,-0.4660139021001509,-0.912530508544294
-0.24274436856722104,0.24646058005510008,0.0,2.0,0.9758837076759111,0.7663909914267318
-7.541360017268283,8.35272884881624,1.0,2.0,0.44623093014293774,-1.4992177326476208
-1.166638475465339,2.641676139790375,0.0,3.0,-0.8193218057840647,-0.9192869274528522
-0.9766818299981215,1.3273632864931575,0.0,7.0,-0.7188757960107858,-0.34507023476933923
-4.412723912414233,5.542387733351659,1.0,6.0,0.2919709752082216,-0.7327480413259361
1.7750517636367547,-0.3664429757608221,0.0,8.0,0.11426873938531193,1.494047728711944
3.7093452966134675,-3.0797603647872878,0.0,5.0,-0.9214188257917995,0.8912487777947835
-2.4744469877838275,5.7807231062779305,1.0,13.0,-0.046389858299245024,0.9052235784130146
2.467382398479366,-1.988195526860454,0.0,8.0,-1.3686995256729328,0.8702051977853973
-4.144710645773963,6.062811105483568,1.0,5.0,1.4085500381445097,1.1001482737270565
0.44992696553673106,1.4538538003251646,0.0,7.0,-0.3723305753696008,0.39597475960331807
1.623095285056988,-0.9253415451721203,0.0,6.0,-0.6079100945824437,1.0990475498371661
-2.577732924386802,5.028815114537103,1.0,5.0,0.603097745403032,-0.07949721971377408
-2.047919875678809,3.0362331444253527,1.0,3.0,-0.5387000940993568,-0.21591720408201093
-1.30489493004923,2.586179639129868,0.0,8.0,0.4164427836457193,1.0965623583814106
1.0044012207178086,-1.3158405196454972,0.0,4.0,-1.2803031481982468,-0.5882104036764942
-0.23216896348893012,4.038122883939965,1.0,9.0,1.4937761320807597,1.8134449678733082
-5.528879787843467,7.892050989581838,1.0,7.0,2.378174537477536,1.332176832125056
3.0447724845386404,-2.233262691471996,0.0,3.0,0.7479256694920774,1.7718327524776454
0.08539743694554003,0.13823771398754126,0.0,5.0,-0.8495030242156225,0.1888908922893407
1.7298955899126485,-1.3170417307453344,0.0,5.0,-1.0793445602703902,-0.011843577918977095
-1.5435203461405789,2.338775153784097,1.0,2.0,-0.72603942061812,-0.7910806446398869
-5.936429838623363,7.905027853435081,1.0,5.0,0.925774294686062,-0.4131129020238179
-3.727541774803103,4.508123084190373,1.0,4.0,-0.487653651048122,-0.28415056772684244
-3.284125049766688,3.065039269990184,0.0,5.0,-1.1873900897131304,-1.3713887215842078
-2.218418081489843,0.9470533160462808,0.0,2.0,-0.9405294527148439,-0.9826308998492413
0.3751372259397788,0.9858539619813695,0.0,5.0,1.1393468248758225,1.6073936713150154
-6.196765608491083,8.696873910721331,1.0,4.0,0.8479197494485435,-0.28701810934972616
1.1797067129488368,-0.7902379071158803,0.0,6.0,-1.570251304238358,-0.5565625774008117
-5.147084303548745,7.143367104438562,1.0,10.0,0.5747400190606983,0.9654537478945452
-3.231312095100933,5.463083695258507,1.0,4.0,1.8313267626500787,1.413797630537744
-5.819226398902715,7.476872584825682,1.0,6.0,0.8526742245717023,-0.026423097695307433
-5.717445718811979,8.341920954933995,1.0,5.0,2.555782157694968,2.108775338695064
1.1584525512501072,-0.7088052030563878,0.0,4.0,-0.6764231253151752,-0.12536788756257805
0.10808468990349795,0.3808058611519484,0.0,2.0,0.40006090234868674,0.4885636954423686
-1.9462404676819283,3.907754371149656,1.0,7.0,0.8024524817874428,0.9223906116828908
-2.356469718436195,1.6894245131038874,0.0,1.0,-0.5560751182186378,-0.6350626324078771
-5.700581224903932,7.23950266185424,1.0,4.0,-1.2238334525336243,-1.7406046952678111
-2.437550735371844,2.1681692312126803,0.0,3.0,-0.995903916679805,-0.6619860666158188
-8.479806844543551,9.965755683603707,1.0,5.0,1.0880050161206525,-0.32593062736524814
-5.5307157099434345,8.724427467806104,1.0,9.0,1.6273841096169184,0.8200347977495621
3.330151053319203,-4.214042687276236,0.0,1.0,-1.8029974682362702,-0.3533968983074734
-4.859432886133324,6.010197213257341,1.0,5.0,-0.18313504908762981,-1.2435907110047655
-7.835268645099842,7.341198298262916,1.0,2.0,-0.945948263252466,-1.7143898509461737
-1.1215876948298507,3.265664124617293,1.0,6.0,-0.1916636869252088,0.5427742975851827
-2.516695857597669,3.4429658419929825,0.0,3.0,-0.0316741741426585,-0.8433150897634804
-2.069974996119574,3.2023333708243173,0.0,3.0,0.8399542004892468,0.71519537321013
-3.3604347013360365,2.405537928653464,0.0,1.0,-0.7967887709600546,-1.7562229194312096
-4.841531874009311,5.658556146782041,1.0,5.0,0.9361788296400178,0.685534125453562
-0.8881395276503524,1.2437035823916642,0.0,6.0,-1.1189507240744188,-0.5910616296352517
-2.738225508981566,2.8512198797994346,0.0,4.0,-0.8159327416562889,-0.8867803216293336
-2.690499133707057,3.313778114085469,0.0,7.0,0.3920508062705101,0.4329335885133133
0.9329316779418304,0.23977497070633969,0.0,5.0,0.24137825492205306,0.5111439676495317
-1.9340947416450742,1.3431857087360917,0.0,4.0,-0.09354428981693069,0.15058593149438473
-1.228343280581198,2.0399328643804333,0.0,5.0,0.7783895941332182,1.2813666866315279
-1.7523667687350328,1.6888710181021043,0.0,5.0,-0.2925658290821609,-0.03192830373419065
-4.8394755288303966,6.071649472474054,1.0,4.0,1.7853169116884446,1.3531387947267886
-7.813477829813174,8.41375468368608,1.0,2.0,0.6159824878757161,-1.537112235244328
-2.1545316746634953,5.094274241818893,1.0,6.0,1.807292074729797,1.767113729700215
-1.6763931358969728,3.0644359547920113,1.0,8.0,-1.0983845210757224,-0.3280333243692518
-3.756267391548444,4.274956366357519,0.0,3.0,-0.5721153531164787,-1.2481071952007485
-6.611716674441328,7.399298962429764,1.0,5.0,0.7564688104534778,-0.199466989602445
-3.309823754618621,2.9241481892460035,0.0,1.0,-1.2023764084172004,-1.780401246053664
-5.144907274234442,8.23127066213363,1.0,12.0,0.5130375419703271,0.7985174633117391
-4.569793243759271,7.16401449869875,1.0,3.0,-0.3840510512322806,-1.3748496924247344
-1.5779911644021694,2.2388672625928545,0.0,9.0,-1.2164672917200274,-0.3717169011530975
-2.642418182804747,4.333699299336741,1.0,7.0,1.358463730652509,1.4144932113697937
-2.9522318289988845,4.231133712503028,1.0,3.0,1.0506536514456002,0.8060137103889571
1.7222088802335993,0.13758697447920665,0.0,6.0,0.1153698487637266,0.89181072326538
-1.9935057787096409,3.4568039825895256,1.0,3.0,0.955345361885577,0.8550560487876595
2.149290934148755,-0.9707274895604262,0.0,5.0,0.21366501694262474,1.2457294632126832
-3.0095672918766847,3.8760809482242635,1.0,3.0,1.8016577901802315,1.3496556158447288
2.126177795545432,-0.28279457774340266,0.0,7.0,0.8132404094328491,1.42172573896932
0.6026558957068939,2.793997049126473,0.0,11.0,1.8767688692791407,2.5560555034610606
-3.62454630008533,5.3616219526670825,1.0,8.0,-0.3774681755480649,-0.10021567579570634
2.9627209510653683,-1.875310242812491,0.0,9.0,-1.1934305872707638,0.4822804785242365
0.8381900109786997,-3.5274848173185713,0.0,4.0,-4.765353269144655,-2.917630917881257
-3.319971793739426,4.39662894909355,0.0,5.0,0.3286695845184223,0.32988274292422737
-0.9117289428289712,0.5914571644859017,0.0,3.0,-0.2810449212709973,0.36282154231778196
-3.874197052697876,5.456936521815171,1.0,4.0,0.6941208619219397,0.7563225243570587
-0.6678391096990219,-0.07449508757675294,0.0,3.0,-2.1345775208084956,-1.4793698659720027
-5.770673835184137,7.4367869873388015,1.0,5.0,0.9177796211695155,0.328020566385397
2.1602376308371114,-0.8496166127645941,0.0,4.0,-0.75808971318041,-0.04953908574814107
1.9656748320000017,-1.8195377688049525,0.0,3.0,-0.7152880879798995,0.1764444126144233
-0.019631987349442603,-1.1274572055690366,0.0,4.0,-0.9728253162295699,-0.8433863164190485
-2.254243067329435,2.3207728462081145,0.0,5.0,-1.3013960534302882,-0.8462718441522267
-3.276707974013531,4.631682814300953,0.0,3.0,2.7033395823287587,2.1728866375017364
-0.9740558307265028,1.4736855796126997,0.0,2.0,-1.1958652272286838,-1.5381528355486738
-2.1034730538157924,1.7238197736865097,0.0,1.0,-1.1828972266787465,-1.6754877200399947
-2.1773427436592008,3.4230154496110705,1.0,7.0,0.8302376517174914,1.2712784639501478
-6.217063044105527,6.664548129532814,1.0,5.0,0.8908983463762044,0.2969334870244303
-0.6703756826314842,3.9042781981037793,1.0,5.0,1.8149966096136905,2.3885480586801777
-2.436597587279838,3.293426323737819,1.0,2.0,0.5543798910884105,-0.1243528747845429
-7.055171337212919,8.20086527630529,1.0,4.0,-0.07409828297428948,-1.3379071981953023
-2.7034886686143653,4.182247309206291,1.0,7.0,0.6429069796446854,0.9899339526695397
-3.335926421371049,2.7861451523080714,0.0,2.0,-1.0065410593455444,-1.5641246461260052
-1.5300241280837903,2.232560560351214,0.0,3.0,0.5724218791809924,0.48123302628868475
1.1109479226234646,2.357546197940417,1.0,7.0,1.185134775354486,2.169885229783407
-2.4708282353260147,4.822423660759111,1.0,4.0,1.8984480661747443,1.5897778947864472
-7.08867403155479,7.376440984677958,1.0,3.0,1.4024952064805425,0.03905648906967648
0.48059198184742336,-1.555721925725779,0.0,3.0,0.0848718561008166,1.42688456527217
-1.0068826923550236,1.163055476938511,0.0,3.0,-0.9280508892199144,-0.6761493948235859
-4.776669591052465,6.120814397351771,1.0,6.0,0.25259300251560135,-0.04748395068920191
-2.9933443603669097,6.307458776592143,1.0,11.0,1.8894306004177985,1.8632937678563233
-1.8204767712215304,2.072792480928719,0.0,5.0,-0.3629357632390882,-0.3467265046197125
-1.5079231376419715,1.7623622153948033,0.0,3.0,-0.3198915108825766,-0.1077891959011196
-3.809458456628786,6.922938789836051,1.0,6.0,2.0151421352096683,1.3867280629722922
-2.8070277342529075,4.74981263528444,1.0,8.0,1.039626876986679,1.676199821754912
-6.481745900083912,8.000858407439802,1.0,8.0,0.7414627250377445,0.6633471893336885
-3.707308943936462,4.241326633403725,0.0,5.0,-0.035538972515483803,-0.2697791605804532
-5.290642744811658,6.0381438314890055,1.0,2.0,0.08005728624169056,-0.901604545021397
-4.014935590454143,7.019940739299446,1.0,4.0,1.2606644261148965,0.08368778961650557
-0.20087660584557576,-0.39790328114307805,0.0,2.0,-1.618540375228515,-2.003755813532788
-2.5724272466932505,1.4024735570423585,0.0,2.0,0.19806152138644173,0.007775361548038131
-5.972654676862387,6.294251475806775,1.0,7.0,-0.5453228308155873,-0.9187441546901286
-4.931074209452811,7.974690516146064,1.0,6.0,1.8444928490239598,0.9830514084403971
-4.559465204543679,4.352434860893582,1.0,2.0,-1.1366209399927305,-1.638734302615487
-4.14612891950812,6.768226678780419,1.0,6.0,-0.06417937785896558,-0.7603832905980368
0.968922060636791,0.059900636012712116,0.0,7.0,-0.7981770185723412,-0.24461020741231881
-3.1631756037269287,4.8132200590078815,1.0,7.0,1.2290004836102506,1.1446045208909346
1.4035077575203216,-0.5902850534799535,0.0,3.0,-0.29329465561547347,0.5623507091446969
-4.972884700594673,6.476644195295721,1.0,7.0,0.08347295391363549,0.32989409919262663
0.6084532712337244,0.021488728843466573,0.0,8.0,-1.7720355456111165,-0.4783735831408132
1.0954767344927645,0.03877350515412292,0.0,2.0,0.6394410316092395,1.069120221082573
-5.145492011465349,5.602122900098221,1.0,2.0,0.3350905056997187,-0.21479107534875339
1.8871046342742264,-2.0542978692805836,0.0,7.0,-1.2154828571547434,0.3656517872053679
-1.0772543610492555,1.3915109977345106,0.0,4.0,-0.11991503007747303,0.2051859851061709
-0.679224318793644,-0.08655581158788728,0.0,2.0,0.7948108207538002,0.9101660558390431
-1.0028206426802933,4.142635318000473,1.0,9.0,0.7180767913789949,1.7921398315425074
-5.811208886731816,7.12402150606465,1.0,5.0,1.1380995883498937,0.3138934356455878
-4.124081629624085,6.945103853431434,1.0,9.0,1.379960324275301,1.3310763111253028
-2.98190284048936,4.919428252206782,1.0,4.0,1.607931830807623,1.0405895475991662
1.707531858585291,0.21952924500643445,0.0,7.0,0.23961665325536452,1.5687843581234813
-4.954213381989533,4.572387689052306,0.0,2.0,0.005576742353388105,-0.49031484692037514
3.4881536615791258,-3.3973681602501986,0.0,5.0,-2.295916136064005,-0.6660973144566744
-7.243164779437206,9.176997384671727,1.0,8.0,-0.26489778465232555,-1.437149915425409
-4.3011267053483575,6.553687981960238,1.0,5.0,2.738833099639013,2.1314729303749647
-2.148804999835633,3.5341220543518364,0.0,4.0,-0.2585423142261909,-0.5077809283448641
-0.4488059294376736,2.6610210235726197,1.0,7.0,-0.26052535978717634,0.49928553725879415
4.863850146983649,-4.122293450597219,0.0,6.0,-2.5199344709602096,-1.09018008414205
-0.42790150182384856,-0.8721260483241418,0.0,4.0,-1.6873729124768426,-0.2769343983141205
-4.982298541197299,7.68909765972351,1.0,7.0,0.2793176367776174,-0.19687954326883808
-0.29997239505303797,2.930248917545489,1.0,9.0,-0.13799655268482972,0.47093796463778553
4.044376093384644,-2.2013733385685788,0.0,6.0,0.1317481086095908,1.6630162908725983
-5.169397600270987,5.654724936080552,1.0,2.0,0.583417275401348,0.22123643988360614
-7.824862160069478,8.774698678841311,1.0,0.0,1.4386177675488678,-0.3370163192456142
-3.632780278792474,3.8216521890654453,0.0,2.0,0.012150206905387912,-0.6155205152234458
-0.4175520250870768,1.3415234610553228,0.0,4.0,-0.9796289255190941,-0.8188408905241558
2.811130079002334,-1.8299700846342546,0.0,4.0,-0.41561484496534934,0.8887043228502388
1.2358777497884124,0.1372745705221895,0.0,3.0,0.3659421654741318,0.7765420402580264
-0.4881571457143039,-0.5731796220959091,0.0,3.0,-1.8414655096337018,-0.774325707845453
0.5965984533949267,1.1636107314914232,0.0,7.0,-0.5056841887465134,-0.018835234742024514
-4.109495478314973,3.776111626087778,1.0,2.0,-0.980231327132501,-1.5075350874564952
-1.5492335610987427,3.221536255591777,0.0,3.0,1.8344932150016697,1.5974059920830825
-1.6961316928360608,0.8819751824719027,0.0,3.0,-1.125424043753755,-0.9342029230815765
-0.42699408727826227,0.47667146531210736,0.0,8.0,-2.4422038504122634,-0.8082718870316965
-5.639851055911265,7.031863163084683,1.0,4.0,1.9147102683063792,0.6802518116179698
-0.4270705854724183,0.7027227961640304,0.0,6.0,-0.6106271497835464,0.13687246471550182
0.9270767013725707,-0.27695463763067774,0.0,2.0,-1.2504729365181915,-1.1322923855892832
-6.591165618407002,9.053959140465983,1.0,9.0,0.34234766386207094,-0.5065178224854007
3.4635096849009104,-2.8897083309647282,0.0,3.0,-0.38007378073227116,0.5903133505897054
2.065065248545853,-1.682439898568012,0.0,4.0,0.1536075791972556,1.2185430717349386
-0.5091389565948568,0.42327375221528674,0.0,4.0,-0.026968488329824302,0.019855639289040838
1.2915060653583303,-0.6742877364292941,0.0,7.0,-2.2670015721799976,-0.6442645823064802
1.8910942200684338,0.5054182752064282,0.0,8.0,0.5247788337269791,1.928502521911387
1.6504216882984208,-1.1777383233820102,0.0,3.0,-0.26962669479838164,0.04619850283417346
-2.009954171440608,2.0331798805434502,0.0,4.0,-2.3533670697665725,-1.9197984481141983
-6.192425191095038,7.898496509908961,1.0,7.0,0.19925995109311379,0.23223282326341163
-1.180905812850538,1.9676531950965086,0.0,3.0,1.2441336724983727,1.1035847363783169
-0.18867285417482568,1.3931843399272936,0.0,8.0,1.7220749192985574,2.377308719247911
-3.0429074881599405,2.218557931848385,0.0,3.0,-1.9911504605777781,-1.2892262408595576
2.282141603404721,-0.08121021702224818,0.0,7.0,-1.0914310931280988,-0.33735052022151957
-2.37681580627039,4.368969986739948,1.0,5.0,1.2685665148065226,1.318945341516239
-1.819405998981786,0.987242501634471,0.0,1.0,-1.9429602463517768,-2.0455003226859594
-0.22880553074822607,2.1154424007590875,0.0,6.0,0.04414824436421999,0.787383317595329
-1.2323706419140479,3.6843015209293846,1.0,8.0,0.9277898313763728,1.8196023161088406
-1.812304623168561,5.490473159858123,1.0,7.0,0.24140242911023507,0.07836674389471024
-3.350893751109837,3.8532323140750595,1.0,4.0,-0.3928872740005942,-0.6610261688215996
-3.063895763081426,6.518628860061906,1.0,8.0,2.078271304743205,1.7914544113071913
-4.594103181197099,6.572169254139361,1.0,10.0,-0.2921643299973423,-0.4851965350255106
-6.8983193431537035,7.68824804446129,1.0,5.0,0.556557209927385,-0.4902503649648174
-3.6272859512867774,5.610662373374993,1.0,6.0,0.43530646833980935,0.043686950594649616
0.6947680872634631,-0.2911012543536564,0.0,4.0,-1.7321198115753478,-1.4664319912207124
-5.302643588474351,5.838674311766017,1.0,3.0,-0.5429942999361407,-0.9041704743998452
-2.6584869710909818,1.9229386553861376,0.0,2.0,0.21875310549138233,-0.2547839541136767
3.12027708948641,-1.7100008918649092,0.0,5.0,-0.7357682827334258,0.24485307956310648
-3.627958879000396,5.452607410813847,1.0,6.0,1.4583898066238996,1.2514342915234364
-2.7905337045783245,4.178231327296968,0.0,8.0,0.5846042541039812,0.5479843336608782
-2.3731238448421736,1.2489217560824954,0.0,1.0,-1.123954729246368,-1.9557508898002112
-5.818924566567663,5.510985726534594,1.0,1.0,-1.2006880888813243,-2.093800775350935
-2.7523301350713667,5.00232497292593,1.0,8.0,1.071386761097811,1.0548925805590792
-7.074242277990694,7.841063937963048,1.0,6.0,0.3089988683108952,-0.06767950794652461
-2.3540679519584913,4.431914793890855,1.0,3.0,2.0216399483662437,1.885655187761537
1.7554065121414721,-0.5587400359414967,0.0,9.0,-0.1553029518202899,1.39764373012377
-7.617771526967258,9.111817905779864,1.0,5.0,0.90700658158535,-0.8786553104470549
-3.8161426433088717,5.069867789310821,1.0,7.0,0.009437643673344839,0.11782581138186336
-3.6397866410584023,2.609527440419415,0.0,1.0,-1.3253023502606796,-1.8242145832060546
-0.7756549608746012,0.6129953226757142,0.0,4.0,-1.1531626849687313,-0.6993258353890358
-3.3862341686351067,5.987083457513499,1.0,6.0,1.2698389342387786,0.8684248460219934
-2.7612494590617986,2.332239528897072,0.0,7.0,-1.8666299264294428,-1.457919672455835
0.24075777572989535,0.951131154405809,0.0,5.0,-0.7894430580448382,-0.47443975325909266
4.8543492123687235,-4.070030826913767,0.0,5.0,-0.8734901136685098,1.2021181863550665
-5.475749046551868,7.660048183931403,1.0,11.0,0.3955159820802677,-0.35309755886520133
-7.22456785218002,6.13885927041322,1.0,1.0,-0.7489484430340141,-1.6373261228876315
-2.645932798563564,1.7850796057217324,0.0,1.0,-0.7470123542750018,-1.0757729627416586
-5.493649201817271,5.968974787845185,1.0,4.0,-0.2856120506541956,-1.199755594613734
-8.495596107844285,9.204105321296531,1.0,6.0,-0.5892129536613229,-1.3576697336417536
2.409128028398971,0.19969436290242507,0.0,7.0,-0.37415649519557076,0.754950877301083
-4.325540886050419,5.43144045794213,1.0,4.0,0.32823805265213435,-0.4942899573203079
1.6365533891725415,-1.1281001887841233,0.0,3.0,0.3272554577188898,1.488867994470417
-3.859671401290933,5.145125152551896,1.0,6.0,-0.6579957101991236,-0.5736880222133345
-6.6197361738753235,8.17171214528306,1.0,4.0,0.5872278926552026,-0.6718161606110773
-1.2285510555347536,1.5070453101905852,0.0,5.0,0.11293161239559334,0.30199797411486806
-8.136144447211487,7.080705367620473,1.0,3.0,-2.172738404327621,-3.2161416189417666
1.4723831873122162,1.0463318671792523,0.0,6.0,1.1873473060696575,1.7513172536028754
-6.813162706046862,6.782752886429017,1.0,6.0,-1.7623425683100273,-2.171279713237752
2.007175627409691,-1.7825208436610578,0.0,5.0,-1.7760605294272933,-0.983535066210487
-2.5708522726630534,4.939706225442306,1.0,10.0,-0.596382488191709,-0.054242384332207697
-7.030931807673275,8.674387116042018,1.0,10.0,0.22223165233564973,0.23815431292437508
-1.6156378888497542,2.6367915182818233,1.0,4.0,-0.06742608339648735,0.13128759204280468
2.998064542680484,-2.467923916045513,0.0,4.0,-1.089516968601194,0.19851157091624816
-1.246089013931181,3.0190372523621765,1.0,4.0,1.99426118719356,2.1719283235895097
-4.276826704858129,5.933414092799675,1.0,10.0,0.558283223737965,0.5088764808418593
3.1608210169727156,-2.6055772664288677,0.0,4.0,-0.7572462981276528,0.041852531939219124
-0.4762962594951782,1.2334164255372362,0.0,5.0,-0.5385120683598571,-0.19317967638014005
-1.6859437828361408,2.9438832540163724,0.0,5.0,0.964824543824731,0.8621499338464924
-3.1862468895457234,5.693586160188049,1.0,6.0,0.8338371577319186,0.5851400814896844
-4.971353600575964,5.385053250507688,1.0,4.0,-0.2830623034524081,-0.7930395742709331
1.1022119890336857,-1.1214529679088,0.0,2.0,0.407018287486478,1.1285162337395405
-0.4924368678692159,2.003488649122949,0.0,7.0,-0.28254922447339237,0.5572350496692127
-4.780583346420677,7.179073462260565,1.0,7.0,0.9740264420300468,0.3508532259667866
-0.8788195472231547,0.8117449617784321,0.0,1.0,-0.21597373858352095,-0.5112495848720882
0.2156031467213254,1.097656632476216,0.0,4.0,-0.17128372222350383,0.03578890532172878
-1.7390677037486788,4.336753524224581,1.0,7.0,0.46441252100820096,1.045276932852266
-7.320985386016867,9.769297482997468,1.0,3.0,1.0824303228050407,-0.5366598786796983
-2.602005713561257,3.742542025654259,1.0,4.0,-1.1146135160253332,-1.2381754376331457
0.18213876779519123,1.569446808530832,0.0,6.0,-0.19243772271349763,0.3173912701191864
-6.762245312579884,6.145122272691491,1.0,1.0,0.11086387192927767,-0.9913910716558996
0.5722645461620454,0.63363042046437,0.0,6.0,-1.151414513758317,-0.6934839894893813
-4.155306952598021,5.871808580178951,1.0,11.0,0.9779067092823179,1.5274429049603069
-7.656236356917084,9.46046841146735,1.0,3.0,-0.04131357958438069,-2.5166943358541953
-6.576843086675706,5.518943016922619,1.0,1.0,0.8230773984016154,-0.7729203751523905
-8.047987613232795,8.45392474876819,1.0,5.0,-0.37939313954756265,-1.5751192531728735
1.4217091081755373,-1.8722266230247724,0.0,3.0,-0.10243579351754924,0.8936815003804472
-2.5278566816272288,3.5395673132944574,0.0,6.0,0.2882937648199451,0.17586479626219892
-4.574598859246707,6.51805211987344,1.0,5.0,0.6928561703114482,0.014207138017518266
3.1375515365917104,-1.3494809279472237,0.0,8.0,-0.6129116191141355,0.8447820073136734
-5.4935400487861195,7.328466215447129,1.0,7.0,0.1465016221706306,-0.4780718836331911
-3.5049782565274987,7.199085135548511,1.0,11.0,0.6663004322438232,0.35557161872270093
-1.2174791178011926,1.939952317904963,0.0,3.0,-0.05631141406056256,0.2606952659715833
1.4030871962906248,0.195981760165731,0.0,7.0,-0.9751318034002056,-0.325782505075437
-2.6379692175874396,2.205606900878512,0.0,4.0,-0.2566124367244361,-0.39040982734013385
0.18245099416283184,-0.7757172278345527,0.0,6.0,0.0682028477561395,0.9793513943519077
-2.317579441432038,2.7309369650412614,0.0,5.0,0.6990052983190822,0.8121667010922603
-1.9732289266320044,3.2894580499801394,1.0,4.0,0.7972283946988867,0.9235985876116728
-0.7192260558218609,1.0981090486877063,0.0,5.0,-0.6998425003114226,-0.40543442308106137
-5.996327812547219,7.0864875000656475,1.0,6.0,0.4328282800954332,0.021732961757402313
0.6409222954681504,1.5177615448930564,0.0,8.0,1.4171775752024285,2.2544005907972604
-0.015532793618448393,0.12659591243170543,0.0,2.0,0.3151099361012955,0.7784594472693828
-3.662771856574403,5.548276359961871,1.0,5.0,1.525344506459916,0.8488104076334706
-2.8158157849514787,5.533043269912633,1.0,8.0,1.7044123630145231,1.3917922917344767
-4.19886155358676,5.700607359973563,1.0,5.0,0.48963810129608143,0.12517163531827166
2.1256137149217347,-1.8121514539797543,0.0,5.0,-1.839799224041728,-0.5086975245467201
-6.360009049673364,7.394576749983727,1.0,8.0,-0.10572181877131102,-0.3617691779479053
-6.91215022356662,8.117567761476495,1.0,5.0,0.7118049904510056,-0.5206870809286759
-3.867603285422632,5.1879597054548485,1.0,9.0,-0.1064566772505834,0.3992485340093436
-2.521097042742528,2.581323606412388,0.0,2.0,0.028420369497754193,-1.0398150092867895
-8.25247890654948,9.787436088518588,1.0,7.0,0.1963068296235086,-0.6033595533446018
-0.5699417263818283,1.6213806858972386,0.0,8.0,-0.3959405421512958,0.3421852342056141
-1.7054314964137942,3.0967262450302457,0.0,7.0,0.2539747753173781,0.6209283504203625
-2.6967979609312622,4.911274146449668,1.0,7.0,-0.24557793292015953,-0.3280332051432578
-5.90107448270364,7.5321337516518,1.0,6.0,2.125075035622804,1.3837004191446511
-5.71286941311644,5.03906305418104,1.0,3.0,-0.5731989072409701,-1.5205015131428983
-2.798143553565607,2.6590465306116897,0.0,3.0,0.8600274604900612,0.6243678963727216
2.8513862016881983,-2.4753681073249183,0.0,7.0,-1.1239994668694753,0.7491318741102199
-4.619335132250538,4.034233741681814,0.0,3.0,0.3521974201120943,-0.4828169924699879
-5.508887813938177,5.8376122101311605,1.0,2.0,-0.9381284580849834,-1.6513411847520043
-3.135936248917475,4.752729944783526,1.0,9.0,-0.40922640015275835,-0.23764981882069358
-4.0493603961818,5.252196934351626,1.0,2.0,1.320154996581565,0.34125877492675744
-7.211982182254121,9.727628710611267,1.0,9.0,1.1147269480080642,0.19129213816656365
-4.325897781006069,5.9144168651532585,1.0,5.0,-0.37662162136979144,-0.14868675157196198
-4.034260449011723,2.478296755078813,0.0,3.0,-1.0325759108955324,-1.4047022741422972
-6.896361626225292,7.95727525351867,1.0,5.0,0.5193962980449405,-0.435983413819972
-5.117778816039898,5.9716661366535995,1.0,3.0,-0.724526686757117,-1.5840725555944766
-7.986989440634623,8.150039269396945,1.0,2.0,0.8275518033916122,-0.24171275482193666
-6.467711868950618,6.100709744825625,1.0,3.0,0.790755166168353,-0.6585553044286072
-4.006409454203892,4.166745921187655,0.0,4.0,-0.6306004309865038,-1.3213087231592693
0.5551352271438706,0.7518180742865301,0.0,8.0,-1.7712705531693698,-1.230391255785567
0.8727542640123381,1.0731205501250458,1.0,5.0,0.3905242283685083,0.6972935214812541
-5.91827495986758,8.018081929974565,1.0,3.0,1.0674250233627198,-0.33944826892286317
2.1397557066352553,-1.3883348614639799,0.0,1.0,0.17922254262268741,0.8551667618265003
0.7925219911443014,0.7069385076796464,0.0,7.0,-0.19823830196457595,0.6378365495614747
-4.530462862123602,6.007053010901842,1.0,5.0,-0.7010362593559529,-1.238785293003151
-11.476290695821227,11.579919193967543,1.0,5.0,-2.0762558355680416,-3.4034624222001364
-1.6263730718041405,5.340880585845594,1.0,5.0,1.9540387316688466,1.587686823709837
-0.8747310178505625,3.4186307046199897,0.0,5.0,2.4001888786404817,2.264020097517177
4.913762675657394,-3.4995940602955793,0.0,6.0,-0.7873538393057611,1.162722574254805
-4.121525244783204,6.251278477749822,1.0,6.0,0.8058338445933948,0.4871518770236551
2.8861027377298063,-2.9211001833965464,0.0,7.0,-0.9455060113841403,1.1154494913961694
1.8483272903333456,-1.0961836156353983,0.0,5.0,0.04375976270662689,1.1056481403418497
-5.8799389429766915,7.481815945031907,1.0,8.0,0.12383163015534035,0.236192492544813
0.3258325120878349,-1.778621190288975,0.0,2.0,-1.4027576530133152,-0.08415560185554373
2.4132012299199905,-0.6451632127457796,0.0,5.0,-0.2051976373308857,0.8887723160507843
-0.9976409640991069,-0.2016934782341937,0.0,6.0,0.03910029356529422,0.3382608076620365
-2.4543804506508717,2.4480853183131233,0.0,3.0,-0.4752000522318284,-0.9115648994203925
-5.749944495108446,6.155428982082526,1.0,2.0,0.6594497764801072,0.5086493039209594
-5.320194152539697,7.490956348341319,1.0,8.0,-0.8558382314755921,-1.4297109031359347
-5.428630962475049,7.440441327908607,1.0,6.0,0.5483179256929223,0.1025766737412728
-6.282076510961697,7.575431896733726,1.0,3.0,-0.12985836656723324,-1.0076881981609416
-1.8756365016773064,2.0096022888710277,0.0,2.0,-0.03160348016384892,-0.2951496045021998
-4.030553416453009,5.286671623124341,1.0,7.0,0.5302450739331998,0.3207473222690355
2.301056298809871,-2.3593891192322207,0.0,3.0,0.14739159304014746,0.6220838555232583
-1.4458187039197083,1.6368723393683884,0.0,3.0,0.890863691098341,1.0732939808451964
-1.8981427765671455,1.9598550191234243,0.0,8.0,-1.378258327458688,-0.9697953347743452
-3.929209249576371,5.621709046760579,1.0,4.0,0.23707148539819953,-0.24478137955942922
-2.884553444444763,5.015300112994962,1.0,4.0,1.1980902487467882,0.4430500978853461
-3.952355284089744,5.802578205849879,1.0,5.0,1.351416836697552,0.8288115879241917
-2.2528723429992112,5.477173583349463,1.0,10.0,0.2530840137309313,0.7719325042481281
-4.132868306112704,5.177152171649925,1.0,7.0,-0.9462351938094054,-0.7490880573446144
-0.6873875101941982,0.30809814190632023,0.0,7.0,-1.8874953871757145,-1.1951354969286259
-2.9511173604395706,3.689926443946769,0.0,4.0,1.3854897266455273,1.2211512282503882
-2.5961644273008964,4.544033661544059,1.0,7.0,-0.06277447622760021,0.05691604168038944
-1.4675459047417294,3.7333455454546787,1.0,11.0,-0.2636683309377479,0.43372666709294394
-2.3223407534047213,4.33171047295684,1.0,6.0,-0.5288588418831889,-0.3424368061899567
-2.1702588737804516,3.979735150525914,1.0,5.0,-0.00913579420793749,0.17574425862557796
-6.763465675134731,7.453531889199252,1.0,2.0,-0.12441920094758523,-1.5554000196234161
-6.214058751291707,9.693435813285724,1.0,9.0,2.4650393604512337,1.854604890584352
-5.143743655890269,5.9297090055895945,1.0,4.0,0.33520939284034423,-0.38684322126814036
-4.526575824582925,5.387194262275729,1.0,4.0,0.6719691215574656,0.1696978260092989
-5.662505977471893,5.949801811792092,1.0,5.0,0.637011935694571,-0.21398346198049067
-0.7863130115989905,1.2875878656802988,0.0,3.0,-0.7290703733517169,-0.38474849428251756
-4.966499677906208,7.073730242884569,1.0,8.0,1.7051396913874008,1.408665965118579
0.7639377851686429,0.4827819435539514,0.0,4.0,-0.8547108765859425,-0.4889807668686471
0.2004531236364735,0.08472495541671377,0.0,5.0,0.19788147823353633,0.3680815952728105
-8.747952169514026,9.070441779232128,1.0,1.0,0.7817014231639369,-0.9269751048950765
-8.1068621718205,8.327562549360916,1.0,7.0,-0.16122191212299325,-1.5129694167286512
-7.317542524090064,7.30096802090075,1.0,4.0,1.9632430832033285,0.6658277397798431
-0.8055184839883862,0.9097103520100775,0.0,5.0,0.12882769412071532,0.7783724138093573
-2.070478400833673,2.6708313341145735,0.0,3.0,2.3624517900186404,1.5733220357748867
-3.9383520218784955,4.7520226975099575,1.0,8.0,0.005825709155234059,-0.07601844943246652
-4.731616336994911,5.263902053351794,1.0,1.0,0.44345036891875106,-1.1858328430987353
-5.112557205673767,9.067982724550953,1.0,7.0,2.242853899948165,1.2938586427330594
-5.405177461950126,6.1184176142741205,1.0,2.0,-0.17790060510745392,-1.3991018914409348
-8.400074174515813,11.121643943248722,1.0,4.0,2.124059724647724,0.7259351077225933
-2.33209324820791,4.988023862592248,1.0,3.0,1.328386263561957,0.5009266208209162
-2.536542091258144,5.520108862816648,1.0,5.0,1.9836089974131101,1.336422368664587
-3.8770191252294217,7.257777524531882,1.0,10.0,0.20981847126839906,-0.06457169367069537
-3.3584506542342263,2.9174399909375546,0.0,4.0,-0.7962706143838612,-1.0210390596502164
-0.9865744593668373,1.3268510583161224,0.0,6.0,-1.688174444959889,-1.2871925773270334
-2.421576447173907,2.5074725466046814,0.0,5.0,-1.244417864925345,-1.0427979757927348
-0.7921422091046583,0.2810754724918977,0.0,2.0,0.7202554125388202,0.6337007917119695
-1.7091400235000993,2.175388615097365,0.0,5.0,1.0755635960696295,0.723236818215981
1.6658124522241193,-0.8869578917439238,0.0,5.0,0.35885045317413267,0.8884315039524048
3.0843108676519493,-3.5397399541941335,0.0,5.0,-2.8555094426383847,-1.5834541805527393
2.360394291323678,-1.0177967778481523,0.0,4.0,-0.7378242356333966,0.09541835049096851
0.7648036045842119,-0.8481979086550337,0.0,3.0,0.0579257213092908,0.7403315867298947
-3.6355512050213457,5.910106307061183,1.0,10.0,1.2234335082789178,1.3762523967641291
-0.442022746230881,1.8995793811722632,0.0,6.0,0.493381026582874,1.2746564985878404
-5.197831070056437,7.985538184540965,1.0,10.0,0.924700244337648,1.0055309193600377
1.1713282234088467,0.05266743445285782,0.0,8.0,-0.7853141818286451,0.41886234420556834
1.574396010929969,-1.2332095508789025,0.0,6.0,-1.7120026882116408,-0.8989065423159945
-5.1478836615577235,6.166309120339811,1.0,7.0,-0.32203987084092217,-0.73304461363921
1.7393147049201412,-0.9307920019129202,0.0,4.0,-1.74659483697921,-0.9696046343139239
1.2873634691186555,-0.7455038092469317,0.0,6.0,-1.3682240724158192,-0.33876779009286145
-2.1100213060274213,3.168108198877357,0.0,11.0,0.2503562755469607,0.7950805746217602
-1.0058386791565799,1.9922193710127252,0.0,5.0,-1.8055037435964565,-1.854064499175634
-2.163173447847507,2.383585753648079,0.0,4.0,0.9750681995316572,0.718359076349711
-5.011883723853058,7.412009143604065,1.0,9.0,2.1244463438291437,1.6085962630226032
-0.6434535953823012,0.997247611899553,0.0,3.0,-0.5803952604088503,-0.34337029483350395
0.5111288097378359,0.6958352528086383,0.0,5.0,-0.7681684534324287,-0.04665729906702104
-0.4699490199375478,-0.9307540346820358,0.0,3.0,-1.8630639942945861,-1.3563610117947373
-2.7254160423606604,5.190867600747044,1.0,7.0,1.7224229708836358,2.249155545970299
1.617796288340872,-0.5971084349955974,0.0,10.0,-2.169499656404766,-0.6304842786864384
-0.2077010633820624,0.9642861636888287,0.0,4.0,0.2811097617579742,0.08708083592325219
0.18665946818429147,0.8348670066827644,0.0,5.0,0.7553771146434819,1.4373474695375776
-4.163495777119481,4.506232852424211,1.0,4.0,-0.3785705902613466,-0.8197842525408634
2.1594841445736375,0.28139053552546295,0.0,6.0,1.0693192503396902,2.082619562083665
-2.0769623523814706,2.4780511451127176,1.0,2.0,0.266132054398646,-0.36110786100577014
-1.1171694905696392,1.2857999923936037,0.0,3.0,-0.7735580697894062,-0.2380060867595849
-6.673996422894455,7.159449866975771,1.0,6.0,1.4938596747846251,0.9981408551395021
-1.7569200883593603,1.5800315345393412,0.0,2.0,0.844739420553887,0.15123672598643925
1.8459365688690865,-1.5293925714408867,0.0,5.0,-2.1451627878247783,-1.2949576386265778
-5.502101662654963,7.492934464534632,1.0,5.0,1.5205272614285918,1.0803044079495572
0.7538760772257092,1.9286457983250394,0.0,12.0,0.9574530592767073,2.068777825335708
-4.1648869344442785,4.246141504914165,1.0,2.0,-0.13479224454816177,-0.8282343624304247
-2.3618323151889937,5.255492746144309,1.0,7.0,1.0713138527550345,0.3974655726571703
1.8256359168338423,0.06137891011571173,0.0,7.0,0.08421587516163902,1.113496836589217
-1.9690091477260259,3.830900601544698,1.0,8.0,-0.4888800285468858,0.15824656599296408
-1.3109325513641032,1.0337732369127626,0.0,5.0,0.27710460034464357,1.0043445536302178
-3.920449530704722,4.4139433436122415,1.0,1.0,-1.047276331015427,-2.1516169216143326
-3.0090968293887626,5.343284403773148,1.0,6.0,0.9542135745665979,0.33302317589534564
-5.0065397344053375,6.209709140475035,1.0,4.0,-0.7532338386694304,-1.3394826739022831
-2.9420218959771693,3.068419244782122,0.0,6.0,-0.8195474439172972,-0.5067771684356498
-1.292634379066086,3.48256253232402,1.0,5.0,1.4191061717484261,1.2345345439344584
-3.5443584378680226,6.336754336217117,1.0,5.0,1.6051373699846252,1.3533906200121664
0.25695124610314224,-0.05176658217736489,0.0,5.0,-0.341822157682787,0.521280650205275
-5.476007520814926,4.336709237896598,0.0,6.0,-1.6480967192768574,-1.729731352217508
1.6061628715891194,0.06764750479077597,0.0,6.0,1.1684161787213685,2.1224602232852376
-1.0311901994861568,1.9661696070601034,1.0,3.0,-0.37027646508904116,-0.6997589732717256
-5.939552131907472,7.6831235805189895,1.0,5.0,1.7876589854894072,0.6759619978777308
-4.27274000459079,6.469675304888744,1.0,7.0,0.5445655771879226,0.5747217484487642
-0.9700832873606435,3.3041669583366797,1.0,4.0,-0.04393003111259578,-0.1099010235860605
0.19398150587507756,-0.16390799690154972,0.0,6.0,-1.6611877620566442,-0.7358734193919448
-5.223407238539337,5.855197297180898,1.0,4.0,-0.0594280053991868,-0.7365382723098121
-0.33588193310684283,1.789161482061684,1.0,5.0,0.6976397953060899,0.6347480079960348
-7.700093921436704,9.05235092626691,1.0,2.0,2.3838346083505617,0.9235001580740838
-0.048409159810141156,0.5902605606369903,0.0,4.0,-0.5441397464688663,-0.37468515998025465
-6.658213002032403,6.149318525096335,1.0,3.0,-1.2000317665561213,-1.9145594640973003
-0.6012118741189028,1.7684029763738303,0.0,8.0,-0.1855717917057173,0.5293935041202698
-5.9923145301901695,7.9008785052683805,1.0,3.0,1.69545673552233,0.6477035858859898
-3.007127955000579,4.776391864590578,1.0,3.0,1.0651629091831103,0.7750509951289446
-4.7238638208346995,6.389040524292427,1.0,8.0,0.2284335412366697,0.020445275965535997
-0.15007275217785532,1.6250629173638553,0.0,10.0,-1.031693929897528,-0.2045532665252398
0.3043796140118365,0.7528067420611474,0.0,5.0,-0.5681427206285209,0.28020526581180955
-4.716117747900777,4.6611939462069865,1.0,3.0,-0.9669175978332771,-1.9784626812204784
-7.779929553466851,8.792081928648585,1.0,8.0,0.7021160084219844,-0.013281161035580037
-0.8359187857637772,2.1142699645861933,1.0,6.0,-1.082451900196743,-0.4868901389104316
-5.750336686340686,7.97151438259974,1.0,5.0,-0.4518696723893142,-1.1916132459370141
-1.0731779691206922,2.7539647118427255,0.0,6.0,-0.13738517425356686,-0.0016068973135770002
-0.674929576381885,1.7933674703124143,0.0,10.0,-1.242630365428031,0.04095506708453374
-4.346002134995652,4.882859240021349,1.0,1.0,1.9883253696411025,1.2213685609088927
-2.672434893866684,4.171537465549929,1.0,2.0,1.1214150670813803,0.14677688018440518
2.2008331173381372,-2.342372819561378,0.0,3.0,-1.1552996027950746,-0.16141838407306153
-3.0185992222696694,6.03624427336639,1.0,8.0,0.9152477785334666,1.1272961332817975
-9.049604725045926,12.131201315182974,1.0,9.0,3.946839081305074,2.125323915364031
-0.6716685015836052,1.2375005084595725,0.0,3.0,-0.8772968132602625,-0.3961336809782293
-1.923720886427366,0.6712490525988772,0.0,5.0,-1.435674535429198,-0.6916660319497662
-2.028169676540343,3.49097657936745,1.0,4.0,0.16620450399354014,0.013645013970170308
-0.02288608410352566,-1.3255633864369778,0.0,1.0,-1.4139426800679997,-1.0707762638292184
-1.1002464461107937,0.2121022439900082,0.0,3.0,-1.0741219034283342,-0.6105168545839246
-2.30113548279614,3.6142016204728855,1.0,9.0,-0.7098758737960986,-0.5192911026204288
-1.5970671025449419,1.6184264287575174,0.0,7.0,-1.1615891824746836,0.023415969813805636
-3.983988328851708,6.586546372508492,1.0,6.0,0.2901564729001261,-0.09144340581018548
-6.071858500813477,7.518858727090965,1.0,8.0,-0.42841471159790157,-0.5256894216119326
-0.6907289295442398,0.23973797745400494,0.0,5.0,-0.00811687380209681,0.21843582011017848
-4.63949584452497,6.193616375755717,1.0,5.0,-0.397078704538204,-0.5467624430050243
-7.169030053636308,8.808042046489428,1.0,6.0,-0.2745171932975235,-0.8000315717847499
2.6859405987728953,-0.32839430088821875,0.0,9.0,-0.05632875671314161,1.1128432251238254
-4.778400129180696,6.138942271560568,1.0,2.0,0.5736066245106899,-0.21557353437491059
-3.834653890621015,5.705782300241137,1.0,5.0,0.4111915059621125,0.009634054110831264
-4.954708035847749,6.616624537381602,1.0,3.0,-0.022545505275037403,-1.57623163381832
-3.1563461666261015,3.035894636137393,0.0,3.0,-0.6644084910002288,-1.0120787124287365
-2.4930121617666257,7.1746336265409445,1.0,8.0,2.719697685195516,2.6060208779609835
-1.4389858745823338,3.5157346178179476,1.0,5.0,1.392724572175668,1.5204375153467364
-2.557198304758267,2.049227938903167,0.0,5.0,-0.8991140748822686,-0.3602178810982501
-0.661003420489314,1.2011202431607522,1.0,3.0,-0.5794777971481796,-0.3687723471314961
-2.5996320197498566,3.273868550055421,1.0,4.0,0.9566843892621467,0.7004761570937916
-2.2085904341103912,1.8898615420036562,0.0,4.0,-0.7603719549641758,-0.6781266704358104
-0.5229088591843096,1.2820826553413134,0.0,9.0,-1.2674175663685272,-0.1863166921582079
-4.019322360508569,6.709789120689178,1.0,6.0,0.9986439665888633,0.18985643021776882
1.6047360480359478,-0.62554642869904,0.0,5.0,-0.7036316692910646,0.6080819522659107
-2.5273726622527017,3.806722401635119,0.0,7.0,-0.31588868927937164,-0.2411647184190951
-6.56895350727885,6.881470053792828,0.0,6.0,-0.6723702552797256,-1.6801472495659961
-0.48769398959007815,0.23715820974080482,0.0,3.0,0.5020493512728698,0.8819511362418455
-7.811043440130604,8.216924925246548,1.0,5.0,1.1789155691849436,0.1408006834288746
-0.37962784101130603,1.7152420551722285,0.0,6.0,0.1426703856248848,0.4223729328908104
-7.593652398642622,8.578840874686676,1.0,5.0,2.4442985161278306,1.7692911212611373
-1.066825382752615,0.9151815038951785,0.0,3.0,0.3923180069175726,0.3164089155785178
-3.1573235570620106,6.495261091111027,1.0,8.0,0.6351149671801218,1.171793746629217
-0.01768762097381682,0.09476240626786447,0.0,8.0,-1.3980905815616573,-0.08471540128780924
-2.9399459916000987,4.207219381783696,1.0,2.0,0.9306451706518589,0.06973508020104643
-2.067941682653604,2.9875507779087167,0.0,4.0,0.5077032394128008,0.634546096939429
-1.6487912596673144,3.0117370379667734,0.0,5.0,-0.6073613566748243,-0.7359732398654292
-1.5950495341704445,2.172420281310396,0.0,6.0,-1.2346086651228325,-0.6750407260995517
-0.5063403865791201,1.7057701795717914,0.0,4.0,9.056374911811485e-05,0.506119143406052
-3.627538015846887,5.5363134800321,1.0,7.0,0.2553914901506202,0.3559388481882617
2.001951947299378,-1.9552918288013528,0.0,7.0,-0.7626162562093474,0.8584007384534987
-7.434206655140695,11.305343761627142,1.0,6.0,2.522266051287876,0.7457225899685785
-3.2882713472756397,2.221288791293655,0.0,2.0,-2.2293279626692266,-2.6361723906155796
-2.6647451060560994,3.468579167368758,0.0,7.0,0.7628842265040167,1.0019771102505703
-1.8035344673182432,4.602676222741577,1.0,7.0,1.5495094993042342,1.1307072337932214
-4.871823702745811,2.5049778040785404,0.0,0.0,-1.6070917745083049,-2.2930904701978676
0.2448550011092122,1.6013868663814987,0.0,10.0,0.2828272931659625,1.202836395990453
-5.945250590005667,5.845036775930843,1.0,1.0,-0.21240656056002113,-0.7763156068107918
-3.205445299568039,5.179621879422716,1.0,9.0,-0.7171638239010472,-0.06934200107892077
-0.5780521482703477,2.2525637265314327,0.0,7.0,0.7948458062864894,1.290610479392444
2.5265787215312723,-1.6512792085846906,0.0,5.0,-0.11098023109367817,1.434882836217959
1.332928757770101,-0.4035454365388672,0.0,6.0,0.5394948618490498,1.341196389736433
-2.2304639852174377,2.085363281739173,0.0,3.0,-0.313598924336857,0.03236554525943661
-8.545507744083903,10.45366694230665,1.0,5.0,0.5387513269973384,-0.7820141809659105
-2.5269587674175895,3.6351180461497234,1.0,2.0,-0.10271889662703138,-0.1834537418275337
-1.524813375579527,1.4703294259649682,0.0,2.0,-1.9325635927215614,-1.559205545185338
-4.023932747894048,5.145229654358658,1.0,7.0,0.43523754814265714,0.36377826379892625
3.2338577714427434,-2.5367659048153093,0.0,7.0,-2.443413303477022,-0.6968625239469122
-1.7227777469396288,2.935771226847751,0.0,5.0,-1.0666642574427938,-1.1982797501490698
-1.3870883829143121,1.4539304843230483,0.0,5.0,-0.6869213085716883,-0.19325112389007168
0.42661926440707765,-1.0401382334583031,0.0,3.0,-0.4280573133090462,0.28732653742934805
-4.490100034099607,5.814537825951635,1.0,3.0,-0.4555501731898429,-1.0478067183842266
-3.938952883497473,6.613142027222885,1.0,9.0,0.560997047872638,0.6254128661561478
1.2210664871256682,0.19902104315745073,0.0,6.0,0.07118664936351041,0.6720773765473419
-0.4426590963534537,1.8029006211228598,0.0,8.0,-0.7362678044630134,0.16902966097994038
-5.630150098287082,4.112421260333939,0.0,3.0,-0.2796226356405512,-0.862586974911357
-6.802140325247231,9.520216759938776,1.0,5.0,1.7090908185156901,0.0928416710662282
-5.886655731238427,8.12711543639592,1.0,6.0,1.0875779202417994,0.42942214253039
1.9732813561370186,-2.6907889331821817,0.0,3.0,-1.825672565395485,-0.8345441855004082
-4.853958003004955,8.220584637524013,1.0,7.0,2.021510470520342,1.270632398722955
-4.065857265553435,6.335825828876194,1.0,7.0,-1.320508009624926,-1.989210188049249
